0,1
"{27: ('11599512_1_280388135214354946', '11688006_0_8123036130090004213', 0.9459683255838819, 4.164527514155416)}","{23: ('1146722_1_7558140036342906956', '3887681_0_7938589465814037992', 0.9272334526731245, 5.141983336489257)}"
"{27: ('11599512_1_280388135214354946', '24036779_0_5608105867560183058', 0.9336518085675128, 4.597485076116805)}","{23: ('1146722_1_7558140036342906956', '63450419_0_8012592961815711786', 0.9176527862012775, 5.5118654273625305)}"
"{27: ('11599512_1_280388135214354946', '24850757_0_5978004733768297283', 0.9444613042585722, 4.21723724348654)}","{23: ('1146722_1_7558140036342906956', '8468806_0_4382447409703007384', 0.9307421287151404, 4.786069297051455)}"
"{27: ('11599512_1_280388135214354946', '34899692_0_6530393048033763438', 0.9388289682931484, 4.425990899452928)}","{24: ('88353875_0_4876234304797064286', '3887681_0_7938589465814037992', 0.9249930961095232, 5.217077004039804)}"
"{27: ('11599512_1_280388135214354946', '3917335_0_7791699395300625164', 0.9485017243564743, 4.064496372864417)}","{24: ('88353875_0_4876234304797064286', '63450419_0_8012592961815711786', 0.9145424939378604, 5.609399570913462)}"
"{27: ('11599512_1_280388135214354946', '41194422_0_7231546114369966811', 0.9430762088561148, 4.2710729034215085)}","{24: ('88353875_0_4876234304797064286', '8468806_0_4382447409703007384', 0.9297278133351302, 4.818874965458339)}"
"{27: ('11599512_1_280388135214354946', '41194422_1_1172256090552737974', 0.9430762088561148, 4.2710729034215085)}","{25: ('90593344_0_8311455501234425088', '3887681_0_7938589465814037992', 0.9323132869837901, 4.967335575183327)}"
"{27: ('11599512_1_280388135214354946', '41648740_0_6959523681065295632', 0.9531496987381639, 3.875833921611278)}","{25: ('90593344_0_8311455501234425088', '63450419_0_8012592961815711786', 0.9229256551484671, 5.341385154580338)}"
"{27: ('11599512_1_280388135214354946', '49772588_0_6549847739640234347', 0.9484641608683281, 4.065968034960332)}","{25: ('90593344_0_8311455501234425088', '8468806_0_4382447409703007384', 0.9344585272804896, 4.660987040899385)}"
"{27: ('11599512_1_280388135214354946', '52299421_0_4473286348258170200', 0.9397778579597625, 4.384094357540256)}","{26: ('99070098_0_2074872741302696997', '3887681_0_7938589465814037992', 0.9251015980272952, 5.210911774874983)}"
"{27: ('11599512_1_280388135214354946', '55004961_0_2904467548072189860', 0.9351437797987372, 4.7410961471951)}","{26: ('99070098_0_2074872741302696997', '63450419_0_8012592961815711786', 0.9154291650479685, 5.579743993353117)}"
"{27: ('11599512_1_280388135214354946', '55238374_0_3379409961751009152', 0.912525487255848, 5.307202431424961)}","{26: ('99070098_0_2074872741302696997', '8468806_0_4382447409703007384', 0.9291577415492247, 4.841253452068576)}"
"{27: ('11599512_1_280388135214354946', '57943722_0_8666078014685775876', 0.9194079375982179, 5.064571040952237)}","{27: ('11599512_1_280388135214354946', '21329809_0_5526008408364682899', 0.9418508872071824, 4.359559133108342)}"
"{27: ('11599512_1_280388135214354946', '61121469_0_6337620713408906340', 0.9308152081004097, 4.751090255967077)}","{27: ('11599512_1_280388135214354946', '29886325_0_1448173912684571475', 0.8796067252176005, 6.365308792792775)}"
"{27: ('11599512_1_280388135214354946', '67865873_0_8259587610208037357', 0.9467212395028006, 4.134747623792033)}","{27: ('11599512_1_280388135214354946', '43469354_0_6029017163991310319', 0.9281570579491256, 4.897512864912216)}"
"{27: ('11599512_1_280388135214354946', '68779923_0_3859283110041832023', 0.9243071970925448, 4.926437307587222)}","{27: ('11599512_1_280388135214354946', '4444204_0_951426790527152756', 0.9587238655448901, 3.6950297911095498)}"
"{27: ('11599512_1_280388135214354946', '68779923_1_3240042497463101224', 0.9082591054915584, 5.483073892943466)}","{27: ('11599512_1_280388135214354946', '46646666_0_5802598112171303204', 0.8964922749251375, 5.873353417909371)}"
"{27: ('11599512_1_280388135214354946', '68779923_4_1832350971585698643', 0.8998517904590104, 5.92573885518024)}","{27: ('11599512_1_280388135214354946', '70404164_0_5498195978476333642', 0.9679912143037483, 3.2523731840828805)}"
"{27: ('11599512_1_280388135214354946', '68779923_5_2067037721454758189', 0.8625139983833022, 6.828646392179265)}","{27: ('11599512_1_280388135214354946', '75154185_0_1607627349983289012', 0.9632943752048806, 3.5068129449704117)}"
"{27: ('11599512_1_280388135214354946', '69537082_0_7789694313271016902', 0.9481188078783556, 4.081363701631796)}","{27: ('11599512_1_280388135214354946', '77632062_0_2292892375652659825', 0.9543215709244254, 3.908978040809791)}"
"{27: ('11599512_1_280388135214354946', '74491133_0_7177831100884797849', 0.9457285859028858, 4.170660721829733)}","{27: ('11599512_1_280388135214354946', '78650283_0_5937576517849452289', 0.964570636795413, 3.4001763374275695)}"
"{27: ('11599512_1_280388135214354946', '76275868_0_4528346580716713695', 0.9483025736593326, 4.070215194037883)}","{27: ('11599512_1_280388135214354946', '78891639_0_3299957631631122948', 0.9594648678677264, 3.702623944038636)}"
"{27: ('11599512_1_280388135214354946', '79327346_0_5787863739697336601', 0.9409526795156982, 4.345264852093209)}","{27: ('11599512_1_280388135214354946', '91474256_0_964747655387573523', 0.961238353570457, 3.6322676817078996)}"
"{27: ('11599512_1_280388135214354946', '8286121_0_8471791395229161598', 0.9186290757386454, 5.099299436795369)}","{28: ('21329809_0_5526008408364682899', '46646666_0_5802598112171303204', 0.9291372514377061, 4.852650232839876)}"
"{27: ('11599512_1_280388135214354946', '86297395_0_6919201319699354263', 0.9345129377809904, 4.571204563094657)}","{28: ('21329809_0_5526008408364682899', '78650283_0_5937576517849452289', 0.9455771889427799, 4.203827249971078)}"
"{27: ('11599512_1_280388135214354946', '9206866_1_8114610355671172497', 0.9455267099421486, 4.1758330178226535)}","{29: ('29886325_0_1448173912684571475', '46646666_0_5802598112171303204', 0.8302606850958311, 7.604802884168162)}"
"{27: ('11599512_1_280388135214354946', '12183399_0_6725061928072492226', 0.8975815171319258, 5.650581759105015)}","{29: ('29886325_0_1448173912684571475', '78650283_0_5937576517849452289', 0.9166027815650734, 5.288661201612718)}"
"{27: ('11599512_1_280388135214354946', '12193237_0_8699643798888088574', 0.8067590210465693, 8.10616596717482)}","{30: ('43469354_0_6029017163991310319', '46646666_0_5802598112171303204', 0.9141475969318718, 5.387728752522507)}"
"{27: ('11599512_1_280388135214354946', '14067031_0_559833072073397908', 0.9060499856999313, 5.731473294344733)}","{30: ('43469354_0_6029017163991310319', '78650283_0_5937576517849452289', 0.9416247292975832, 4.405875911201288)}"
"{27: ('11599512_1_280388135214354946', '68779923_2_1000046510804975562', 0.8955247041215573, 6.024820764834088)}","{31: ('4444204_0_951426790527152756', '46646666_0_5802598112171303204', 0.9245494019938615, 5.0308486936657335)}"
"{27: ('11599512_1_280388135214354946', '8009320_0_5507755752653817624', 0.903057090240069, 5.744728459015102)}","{31: ('4444204_0_951426790527152756', '78650283_0_5937576517849452289', 0.9468443543234515, 4.1820945665540075)}"
"{27: ('11599512_1_280388135214354946', '89511064_0_2199624509082573904', 0.8228646473805191, 8.139959340045287)}","{32: ('46646666_0_5802598112171303204', '70404164_0_5498195978476333642', 0.9286260498281158, 4.891087752091246)}"
"{32: ('46646666_0_5802598112171303204', '12125836_0_1134348206297032434', 0.8182257842736591, 7.626775027908113)}","{32: ('46646666_0_5802598112171303204', '75154185_0_1607627349983289012', 0.9227620811890109, 5.11381198058892)}"
"{32: ('46646666_0_5802598112171303204', '51741865_0_9203644246202164492', 0.7841513303092, 8.293953796199812)}","{32: ('46646666_0_5802598112171303204', '77632062_0_2292892375652659825', 0.9268794999553448, 4.9741161792633966)}"
"{32: ('46646666_0_5802598112171303204', '61626303_0_266372209664087642', 0.8592264482990506, 6.769697563025294)}","{32: ('46646666_0_5802598112171303204', '78650283_0_5937576517849452289', 0.8960202720329064, 5.871068037340789)}"
"{32: ('46646666_0_5802598112171303204', '45533669_1_7463037039059239824', 0.6680213857205766, 11.375456285324285)}","{32: ('46646666_0_5802598112171303204', '78891639_0_3299957631631122948', 0.9194798729628545, 5.239718798536792)}"
"{36: ('78650283_0_5937576517849452289', '26310680_0_5150772059999313798', 0.9520953844233454, 3.898342951900126)}","{32: ('46646666_0_5802598112171303204', '91474256_0_964747655387573523', 0.9271070574320092, 4.996092275633543)}"
"{36: ('78650283_0_5937576517849452289', '55961337_0_6548713781034932742', 0.9379097845153511, 4.44230735646118)}","{33: ('70404164_0_5498195978476333642', '78650283_0_5937576517849452289', 0.9610077755986529, 3.5807764709350662)}"
"{36: ('78650283_0_5937576517849452289', '61069974_0_1894536874590565102', 0.9436635722687303, 4.282482407476161)}","{34: ('75154185_0_1607627349983289012', '78650283_0_5937576517849452289', 0.9584890257343662, 3.722262303682401)}"
"{36: ('78650283_0_5937576517849452289', '24859353_0_7027810986004269522', 0.9146139527511197, 5.147346838368489)}","{35: ('77632062_0_2292892375652659825', '78650283_0_5937576517849452289', 0.9512900400500092, 4.028453401160613)}"
"{36: ('78650283_0_5937576517849452289', '49087820_0_461228320225084868', 0.9713805454764619, 3.034238624110404)}","{36: ('78650283_0_5937576517849452289', '78891639_0_3299957631631122948', 0.9562112597693468, 3.8424880174413745)}"
"{36: ('78650283_0_5937576517849452289', '97941125_0_8220652154649529701', 0.9492887897565779, 4.023535905930421)}","{36: ('78650283_0_5937576517849452289', '91474256_0_964747655387573523', 0.9505630493199239, 4.092766519350812)}"
"{39: ('11688006_0_8123036130090004213', '12183399_0_6725061928072492226', 0.9270383529206818, 4.658539823441511)}","{39: ('11688006_0_8123036130090004213', '26310680_0_5150772059999313798', 0.9973218848566858, 0.9093540914848819)}"
"{39: ('11688006_0_8123036130090004213', '12193237_0_8699643798888088574', 0.7991087367619042, 8.16661409181272)}","{39: ('11688006_0_8123036130090004213', '37856682_0_6818907050314633217', 0.9936597407679642, 1.4055737427796824)}"
"{40: ('24036779_0_5608105867560183058', '12183399_0_6725061928072492226', 0.9173100110003515, 4.8973648281185875)}","{39: ('11688006_0_8123036130090004213', '55961337_0_6548713781034932742', 0.9814034801655124, 2.395478556310008)}"
"{40: ('24036779_0_5608105867560183058', '12193237_0_8699643798888088574', 0.8043825930299122, 8.024715486682748)}","{39: ('11688006_0_8123036130090004213', '61069974_0_1894536874590565102', 0.9885259120474966, 1.9440946801944543)}"
"{41: ('24850757_0_5978004733768297283', '12183399_0_6725061928072492226', 0.9301908566241728, 4.537219630383526)}","{40: ('24036779_0_5608105867560183058', '26310680_0_5150772059999313798', 0.9874382023307913, 1.9498463163151927)}"
"{41: ('24850757_0_5978004733768297283', '12193237_0_8699643798888088574', 0.8005546113928047, 8.122877389542548)}","{40: ('24036779_0_5608105867560183058', '37856682_0_6818907050314633217', 0.987134556455712, 1.9599712581309652)}"
"{42: ('26310680_0_5150772059999313798', '24859353_0_7027810986004269522', 0.8849787847672511, 5.799622753742632)}","{40: ('24036779_0_5608105867560183058', '55961337_0_6548713781034932742', 0.9684467201393631, 3.1043432728292157)}"
"{42: ('26310680_0_5150772059999313798', '49087820_0_461228320225084868', 0.8953625301143806, 5.714279275969245)}","{40: ('24036779_0_5608105867560183058', '61069974_0_1894536874590565102', 0.9749592396605027, 2.8515122614303294)}"
"{42: ('26310680_0_5150772059999313798', '97941125_0_8220652154649529701', 0.8969767396766715, 5.638063867069643)}","{41: ('24850757_0_5978004733768297283', '26310680_0_5150772059999313798', 0.9994549934415095, 0.4077531805111232)}"
"{43: ('34899692_0_6530393048033763438', '12183399_0_6725061928072492226', 0.9182948391437011, 4.911934652303172)}","{41: ('24850757_0_5978004733768297283', '37856682_0_6818907050314633217', 0.9930915358458805, 1.4519576263401224)}"
"{43: ('34899692_0_6530393048033763438', '12193237_0_8699643798888088574', 0.8184826036849261, 7.760275405520178)}","{41: ('24850757_0_5978004733768297283', '55961337_0_6548713781034932742', 0.9852553560080052, 2.128711388420676)}"
"{45: ('3917335_0_7791699395300625164', '12183399_0_6725061928072492226', 0.9283020484812712, 4.607225783942662)}","{41: ('24850757_0_5978004733768297283', '61069974_0_1894536874590565102', 0.9904403122171543, 1.7913957086009573)}"
"{45: ('3917335_0_7791699395300625164', '12193237_0_8699643798888088574', 0.8016845506691842, 8.106890812162263)}","{42: ('26310680_0_5150772059999313798', '34899692_0_6530393048033763438', 0.9872627306857411, 1.9728819004894274)}"
"{46: ('41194422_0_7231546114369966811', '12183399_0_6725061928072492226', 0.92794799434616, 4.618891950266006)}","{42: ('26310680_0_5150772059999313798', '37856682_0_6818907050314633217', 0.9927886052768544, 1.480149622156886)}"
"{46: ('41194422_0_7231546114369966811', '12193237_0_8699643798888088574', 0.8042927638839533, 8.054366047233149)}","{42: ('26310680_0_5150772059999313798', '3917335_0_7791699395300625164', 0.9994070502424206, 0.4281680986476337)}"
"{47: ('41194422_1_1172256090552737974', '12183399_0_6725061928072492226', 0.92794799434616, 4.618891950266006)}","{42: ('26310680_0_5150772059999313798', '41194422_0_7231546114369966811', 0.9988860948662195, 0.5853305266547758)}"
"{47: ('41194422_1_1172256090552737974', '12193237_0_8699643798888088574', 0.8042927638839533, 8.054366047233149)}","{42: ('26310680_0_5150772059999313798', '41194422_1_1172256090552737974', 0.9988860948662195, 0.5853305266547758)}"
"{48: ('41648740_0_6959523681065295632', '12183399_0_6725061928072492226', 0.9186841059437448, 4.867618676462731)}","{42: ('26310680_0_5150772059999313798', '41648740_0_6959523681065295632', 0.9853839845076766, 2.1047555519307144)}"
"{48: ('41648740_0_6959523681065295632', '12193237_0_8699643798888088574', 0.825673701293955, 7.5883558306722865)}","{42: ('26310680_0_5150772059999313798', '49772588_0_6549847739640234347', 0.993820171117674, 1.3745199565232253)}"
"{49: ('49772588_0_6549847739640234347', '12183399_0_6725061928072492226', 0.9257028540197395, 4.6881592790695805)}","{42: ('26310680_0_5150772059999313798', '52299421_0_4473286348258170200', 0.9816747863198677, 2.3551856263919375)}"
"{49: ('49772588_0_6549847739640234347', '12193237_0_8699643798888088574', 0.8044915553738049, 8.049979922545534)}","{42: ('26310680_0_5150772059999313798', '55004961_0_2904467548072189860', 0.9798854171881612, 2.7680291469632703)}"
"{50: ('52299421_0_4473286348258170200', '12183399_0_6725061928072492226', 0.910922818788881, 5.084819451126329)}","{42: ('26310680_0_5150772059999313798', '55238374_0_3379409961751009152', 0.9705637239851158, 3.023237043456118)}"
"{50: ('52299421_0_4473286348258170200', '12193237_0_8699643798888088574', 0.8164024197150885, 7.780612888425056)}","{42: ('26310680_0_5150772059999313798', '57943722_0_8666078014685775876', 0.9766437323709664, 2.661314708317199)}"
"{51: ('55004961_0_2904467548072189860', '12183399_0_6725061928072492226', 0.9077387267777746, 5.618198780343151)}","{42: ('26310680_0_5150772059999313798', '61121469_0_6337620713408906340', 0.9777140476318599, 2.6751715354366223)}"
"{51: ('55004961_0_2904467548072189860', '12193237_0_8699643798888088574', 0.7835733265299649, 8.746588787974893)}","{42: ('26310680_0_5150772059999313798', '67865873_0_8259587610208037357', 0.9995507027519389, 0.3770968125907404)}"
"{52: ('55238374_0_3379409961751009152', '12183399_0_6725061928072492226', 0.9084503357207749, 5.247309784864988)}","{42: ('26310680_0_5150772059999313798', '68779923_0_3859283110041832023', 0.9550332992359494, 3.717059099578272)}"
"{52: ('55238374_0_3379409961751009152', '12193237_0_8699643798888088574', 0.750590151277806, 9.123530953591585)}","{42: ('26310680_0_5150772059999313798', '68779923_1_3240042497463101224', 0.9609675892703762, 3.538817023119279)}"
"{53: ('55961337_0_6548713781034932742', '24859353_0_7027810986004269522', 0.8695800265713792, 6.205010582848667)}","{42: ('26310680_0_5150772059999313798', '68779923_4_1832350971585698643', 0.9544200274956992, 4.06689941939978)}"
"{53: ('55961337_0_6548713781034932742', '49087820_0_461228320225084868', 0.8854385331769737, 5.997491382206136)}","{42: ('26310680_0_5150772059999313798', '68779923_5_2067037721454758189', 0.9078976753845708, 5.5426839127045335)}"
"{53: ('55961337_0_6548713781034932742', '97941125_0_8220652154649529701', 0.8904242368614024, 5.83473747354471)}","{42: ('26310680_0_5150772059999313798', '69537082_0_7789694313271016902', 0.9994713092415414, 0.41009453575820026)}"
"{54: ('57943722_0_8666078014685775876', '12183399_0_6725061928072492226', 0.9084361811101693, 5.164281780672992)}","{42: ('26310680_0_5150772059999313798', '74491133_0_7177831100884797849', 0.9988759025389538, 0.5868178765802674)}"
"{54: ('57943722_0_8666078014685775876', '12193237_0_8699643798888088574', 0.7785547235658912, 8.540651976054674)}","{42: ('26310680_0_5150772059999313798', '76275868_0_4528346580716713695', 0.9971893528189045, 0.9249752429197301)}"
"{55: ('61069974_0_1894536874590565102', '24859353_0_7027810986004269522', 0.8687269610227893, 6.362687928640332)}","{42: ('26310680_0_5150772059999313798', '79327346_0_5787863739697336601', 0.9995700329723775, 0.36161454245726027)}"
"{55: ('61069974_0_1894536874590565102', '49087820_0_461228320225084868', 0.8848083594152469, 6.099121563143354)}","{42: ('26310680_0_5150772059999313798', '8286121_0_8471791395229161598', 0.978308494751845, 2.57480004913098)}"
"{55: ('61069974_0_1894536874590565102', '97941125_0_8220652154649529701', 0.8806625058252551, 6.182412990259244)}","{42: ('26310680_0_5150772059999313798', '86297395_0_6919201319699354263', 0.9876283347401746, 1.9373820603111416)}"
"{56: ('61121469_0_6337620713408906340', '12183399_0_6725061928072492226', 0.893647132206258, 5.721467480009608)}","{42: ('26310680_0_5150772059999313798', '9206866_1_8114610355671172497', 0.9971137161125283, 0.9367430567588647)}"
"{56: ('61121469_0_6337620713408906340', '12193237_0_8699643798888088574', 0.7538113484296258, 9.122443627884355)}","{42: ('26310680_0_5150772059999313798', '14067031_0_559833072073397908', 0.9491548733369491, 4.263609939456983)}"
"{57: ('67865873_0_8259587610208037357', '12183399_0_6725061928072492226', 0.9272359150031385, 4.647758627470121)}","{42: ('26310680_0_5150772059999313798', '68779923_2_1000046510804975562', 0.947431777378003, 4.311296490983041)}"
"{57: ('67865873_0_8259587610208037357', '12193237_0_8699643798888088574', 0.7971015156563, 8.203807273680997)}","{42: ('26310680_0_5150772059999313798', '8009320_0_5507755752653817624', 0.9529091241465838, 4.017643558406306)}"
"{58: ('68779923_0_3859283110041832023', '12183399_0_6725061928072492226', 0.890234823210758, 5.7012859116412455)}","{42: ('26310680_0_5150772059999313798', '89511064_0_2199624509082573904', 0.8703464873323631, 6.98476534707602)}"
"{58: ('68779923_0_3859283110041832023', '12193237_0_8699643798888088574', 0.8424329519810639, 7.248066853782917)}","{43: ('34899692_0_6530393048033763438', '37856682_0_6818907050314633217', 0.9844061071108894, 2.1781368653445785)}"
"{59: ('68779923_1_3240042497463101224', '12183399_0_6725061928072492226', 0.8879530304965031, 5.891789217693054)}","{43: ('34899692_0_6530393048033763438', '55961337_0_6548713781034932742', 0.97122339527267, 2.976153723965522)}"
"{59: ('68779923_1_3240042497463101224', '12193237_0_8699643798888088574', 0.7555163303051634, 9.108957232820789)}","{43: ('34899692_0_6530393048033763438', '61069974_0_1894536874590565102', 0.9772204062867277, 2.7156811911662744)}"
"{60: ('68779923_4_1832350971585698643', '12183399_0_6725061928072492226', 0.8813655411701011, 6.3813669717140895)}","{44: ('37856682_0_6818907050314633217', '3917335_0_7791699395300625164', 0.9936384998520426, 1.4002608433837131)}"
"{60: ('68779923_4_1832350971585698643', '12193237_0_8699643798888088574', 0.7324060123308364, 9.782388234429838)}","{44: ('37856682_0_6818907050314633217', '41194422_0_7231546114369966811', 0.9931062442150581, 1.4567505879615408)}"
"{61: ('68779923_5_2067037721454758189', '12183399_0_6725061928072492226', 0.8453549426631106, 7.06901285962047)}","{44: ('37856682_0_6818907050314633217', '41194422_1_1172256090552737974', 0.9931062442150581, 1.4567505879615408)}"
"{61: ('68779923_5_2067037721454758189', '12193237_0_8699643798888088574', 0.6973233453821419, 10.2823302415532)}","{44: ('37856682_0_6818907050314633217', '41648740_0_6959523681065295632', 0.9886024225549497, 1.8491784050563613)}"
"{62: ('69537082_0_7789694313271016902', '12183399_0_6725061928072492226', 0.9263816897084214, 4.677854501406506)}","{44: ('37856682_0_6818907050314633217', '49772588_0_6549847739640234347', 0.9929071938549151, 1.4768814835510993)}"
"{62: ('69537082_0_7789694313271016902', '12193237_0_8699643798888088574', 0.8007157981473036, 8.13349901770192)}","{44: ('37856682_0_6818907050314633217', '52299421_0_4473286348258170200', 0.9857077512112328, 2.067305011069885)}"
"{63: ('74491133_0_7177831100884797849', '12183399_0_6725061928072492226', 0.9325979789455189, 4.466914482847423)}","{44: ('37856682_0_6818907050314633217', '55004961_0_2904467548072189860', 0.9712007111368961, 3.279106460857194)}"
"{63: ('74491133_0_7177831100884797849', '12193237_0_8699643798888088574', 0.802849943442582, 8.081079216161593)}","{44: ('37856682_0_6818907050314633217', '55238374_0_3379409961751009152', 0.9629314841363639, 3.3823456702774446)}"
"{64: ('76275868_0_4528346580716713695', '12183399_0_6725061928072492226', 0.9275649232369835, 4.617389849521307)}","{44: ('37856682_0_6818907050314633217', '55961337_0_6548713781034932742', 0.9782525348185026, 2.577592464812294)}"
"{64: ('76275868_0_4528346580716713695', '12193237_0_8699643798888088574', 0.8034916552484798, 8.06188587268765)}","{44: ('37856682_0_6818907050314633217', '57943722_0_8666078014685775876', 0.9650491923255722, 3.236054166680248)}"
"{65: ('79327346_0_5787863739697336601', '12183399_0_6725061928072492226', 0.9286142862247384, 4.579128026821505)}","{44: ('37856682_0_6818907050314633217', '61069974_0_1894536874590565102', 0.9836080051758387, 2.340644056541646)}"
"{65: ('79327346_0_5787863739697336601', '12193237_0_8699643798888088574', 0.7982585389454522, 8.163625981719072)}","{44: ('37856682_0_6818907050314633217', '61121469_0_6337620713408906340', 0.966564520890318, 3.267219978652838)}"
"{66: ('8286121_0_8471791395229161598', '12183399_0_6725061928072492226', 0.9057851874914177, 5.269013712865407)}","{44: ('37856682_0_6818907050314633217', '67865873_0_8259587610208037357', 0.9923901000656722, 1.5330763121527216)}"
"{66: ('8286121_0_8471791395229161598', '12193237_0_8699643798888088574', 0.7748101697428271, 8.634485527457661)}","{44: ('37856682_0_6818907050314633217', '68779923_0_3859283110041832023', 0.9651135586216921, 3.2626261949617295)}"
"{67: ('86297395_0_6919201319699354263', '12183399_0_6725061928072492226', 0.9179990032199263, 4.892604975105961)}","{44: ('37856682_0_6818907050314633217', '68779923_1_3240042497463101224', 0.958796516649239, 3.6348131050506782)}"
"{67: ('86297395_0_6919201319699354263', '12193237_0_8699643798888088574', 0.8021940961922869, 8.07878653044229)}","{44: ('37856682_0_6818907050314633217', '68779923_4_1832350971585698643', 0.9337769948727698, 4.850502659862296)}"
"{68: ('9206866_1_8114610355671172497', '12183399_0_6725061928072492226', 0.9305845788317354, 4.517156210304958)}","{44: ('37856682_0_6818907050314633217', '68779923_5_2067037721454758189', 0.9048255576916842, 5.623217696572233)}"
"{68: ('9206866_1_8114610355671172497', '12193237_0_8699643798888088574', 0.801218139265327, 8.104548126375304)}","{44: ('37856682_0_6818907050314633217', '69537082_0_7789694313271016902', 0.993468235177397, 1.4252891772077776)}"
"{92: ('12183399_0_6725061928072492226', '14067031_0_559833072073397908', 0.8863070556567076, 6.241927755692214)}","{44: ('37856682_0_6818907050314633217', '74491133_0_7177831100884797849', 0.9938081719007081, 1.3798057012524636)}"
"{92: ('12183399_0_6725061928072492226', '68779923_2_1000046510804975562', 0.8832064677438811, 6.296613433241536)}","{44: ('37856682_0_6818907050314633217', '76275868_0_4528346580716713695', 0.9942234856747844, 1.3281802030084706)}"
"{92: ('12183399_0_6725061928072492226', '8009320_0_5507755752653817624', 0.8876649507465192, 6.087685592120862)}","{44: ('37856682_0_6818907050314633217', '79327346_0_5787863739697336601', 0.9922190518099927, 1.5354760154694929)}"
"{92: ('12183399_0_6725061928072492226', '89511064_0_2199624509082573904', 0.7847142000597048, 8.809486768634565)}","{44: ('37856682_0_6818907050314633217', '8286121_0_8471791395229161598', 0.9680259732325626, 3.1123095315402036)}"
"{93: ('12193237_0_8699643798888088574', '14067031_0_559833072073397908', 0.7330503986117433, 9.758151629650564)}","{44: ('37856682_0_6818907050314633217', '86297395_0_6919201319699354263', 0.9857898242213708, 2.0661755846204146)}"
"{93: ('12193237_0_8699643798888088574', '68779923_2_1000046510804975562', 0.726769407749792, 9.85421179149422)}","{44: ('37856682_0_6818907050314633217', '9206866_1_8114610355671172497', 0.9933687975495419, 1.4189327304416015)}"
"{93: ('12193237_0_8699643798888088574', '8009320_0_5507755752653817624', 0.7334732927034516, 9.657480972741684)}","{44: ('37856682_0_6818907050314633217', '14067031_0_559833072073397908', 0.9405349284754398, 4.601693882361126)}"
"{93: ('12193237_0_8699643798888088574', '89511064_0_2199624509082573904', 0.7563338254850661, 9.611825065976717)}","{44: ('37856682_0_6818907050314633217', '68779923_2_1000046510804975562', 0.9383508147109915, 4.65872229504117)}"
"{105: ('13395751_3_369722706637560735', '3887681_0_7938589465814037992', 0.5711167768201976, 13.01946273807019)}","{44: ('37856682_0_6818907050314633217', '8009320_0_5507755752653817624', 0.9449854372952932, 4.3362006047028)}"
"{105: ('13395751_3_369722706637560735', '8468806_0_4382447409703007384', 0.694401151287494, 10.7949615720372)}","{44: ('37856682_0_6818907050314633217', '89511064_0_2199624509082573904', 0.8762943207031836, 6.838379071291567)}"
"{106: ('41819807_0_3139249984404131679', '3887681_0_7938589465814037992', 0.5739105411509781, 13.143726235363292)}","{45: ('3917335_0_7791699395300625164', '55961337_0_6548713781034932742', 0.9834741150363283, 2.255447886467581)}"
"{106: ('41819807_0_3139249984404131679', '8468806_0_4382447409703007384', 0.700220813708807, 10.85636547433581)}","{45: ('3917335_0_7791699395300625164', '61069974_0_1894536874590565102', 0.9909836300013705, 1.7373521886029302)}"
"{107: ('55027702_0_628532586316851176', '3887681_0_7938589465814037992', 0.6477970406262814, 12.024927292280049)}","{46: ('41194422_0_7231546114369966811', '55961337_0_6548713781034932742', 0.9843264852563337, 2.196652583216905)}"
"{107: ('55027702_0_628532586316851176', '8468806_0_4382447409703007384', 0.7470960017485405, 10.061477612330968)}","{46: ('41194422_0_7231546114369966811', '61069974_0_1894536874590565102', 0.9902451720417742, 1.8031123245591711)}"
"{108: ('71840765_0_6664391841933033844', '3887681_0_7938589465814037992', 0.6477970406262814, 12.024927292280049)}","{47: ('41194422_1_1172256090552737974', '55961337_0_6548713781034932742', 0.9843264852563337, 2.196652583216905)}"
"{108: ('71840765_0_6664391841933033844', '8468806_0_4382447409703007384', 0.7470960017485405, 10.061477612330968)}","{47: ('41194422_1_1172256090552737974', '61069974_0_1894536874590565102', 0.9902451720417742, 1.8031123245591711)}"
"{109: ('13719111_1_5719401842463579519', '71137051_0_8039724067857124984', 0.9170654993197003, 4.556581195070108)}","{48: ('41648740_0_6959523681065295632', '55961337_0_6548713781034932742', 0.9721512465241592, 2.919182688784233)}"
"{110: ('48805028_0_8933391169600128370', '71137051_0_8039724067857124984', 0.9336829557200998, 4.071381803424974)}","{48: ('41648740_0_6959523681065295632', '61069974_0_1894536874590565102', 0.9738304757996034, 2.910690003116546)}"
"{111: ('74685423_0_8061289760697103949', '71137051_0_8039724067857124984', 0.9224721280720886, 4.4125969061271535)}","{49: ('49772588_0_6549847739640234347', '55961337_0_6548713781034932742', 0.9791677388152316, 2.532216484570256)}"
"{112: ('84675086_0_6386416780680710863', '71137051_0_8039724067857124984', 0.9224721280720886, 4.4125969061271535)}","{49: ('49772588_0_6549847739640234347', '61069974_0_1894536874590565102', 0.9849222992837606, 2.2219649517065467)}"
"{113: ('90196673_0_5458330029110291950', '60319454_0_3938426910282115527', 0.9430609818531529, 3.6745731474536765)}","{50: ('52299421_0_4473286348258170200', '55961337_0_6548713781034932742', 0.9637484886081957, 3.3278412549581544)}"
"{113: ('90196673_0_5458330029110291950', '62564020_0_3836030043284699244', 0.9068400352925158, 5.024462464144689)}","{50: ('52299421_0_4473286348258170200', '61069974_0_1894536874590565102', 0.969242839049559, 3.149235082613895)}"
"{113: ('90196673_0_5458330029110291950', '79966524_0_1484492112455633784', 0.801779972845203, 6.636285618572211)}","{51: ('55004961_0_2904467548072189860', '55961337_0_6548713781034932742', 0.9696271427878208, 3.306516940857012)}"
"{113: ('90196673_0_5458330029110291950', '48456557_0_3760853481322708783', 0.7676784770757132, 8.250422866195036)}","{51: ('55004961_0_2904467548072189860', '61069974_0_1894536874590565102', 0.9738664906170214, 3.0401195677981123)}"
"{124: ('3887681_0_7938589465814037992', '21245481_0_8730460088443117515', 0.6914433616212026, 10.57307572156719)}","{52: ('55238374_0_3379409961751009152', '55961337_0_6548713781034932742', 0.9581672389670798, 3.611392119923124)}"
"{124: ('3887681_0_7938589465814037992', '53989675_0_8697482470743954630', 0.7116702407844824, 10.228782465635662)}","{52: ('55238374_0_3379409961751009152', '61069974_0_1894536874590565102', 0.955904946345961, 3.767629469131723)}"
"{124: ('3887681_0_7938589465814037992', '86627271_6_2239821927452848323', 0.7032185813562243, 10.828958614588753)}","{53: ('55961337_0_6548713781034932742', '57943722_0_8666078014685775876', 0.9893084260335654, 1.812318352834472)}"
"{124: ('3887681_0_7938589465814037992', '93078729_0_1451251196788678526', 0.6921531635359527, 10.823965837785888)}","{53: ('55961337_0_6548713781034932742', '61121469_0_6337620713408906340', 0.9575431080332637, 3.6777755608872065)}"
"{124: ('3887681_0_7938589465814037992', '98929678_0_3700213490979945526', 0.8069948234814064, 8.34055609021237)}","{53: ('55961337_0_6548713781034932742', '67865873_0_8259587610208037357', 0.9849913439252534, 2.1509651638807523)}"
"{124: ('3887681_0_7938589465814037992', '54112392_0_160015365721559357', 0.7819720914745946, 9.129467033743893)}","{53: ('55961337_0_6548713781034932742', '68779923_0_3859283110041832023', 0.9362139450463506, 4.441975877661383)}"
"{126: ('63450419_0_8012592961815711786', '88523363_0_8180214313099580515', 0.86700105349676, 6.957969243524156)}","{53: ('55961337_0_6548713781034932742', '68779923_1_3240042497463101224', 0.9232693536347193, 4.95214609100548)}"
"{126: ('63450419_0_8012592961815711786', '92896255_0_4593968708343548527', 0.714980088260276, 9.924709022511824)}","{53: ('55961337_0_6548713781034932742', '68779923_4_1832350971585698643', 0.9525588293645925, 4.131427320602046)}"
"{128: ('8468806_0_4382447409703007384', '21245481_0_8730460088443117515', 0.7888602289104475, 8.528755905947298)}","{53: ('55961337_0_6548713781034932742', '68779923_5_2067037721454758189', 0.9088704247153971, 5.520672491749328)}"
"{128: ('8468806_0_4382447409703007384', '53989675_0_8697482470743954630', 0.816063097402485, 7.96733195920911)}","{53: ('55961337_0_6548713781034932742', '69537082_0_7789694313271016902', 0.984313851662313, 2.199800909198643)}"
"{128: ('8468806_0_4382447409703007384', '86627271_6_2239821927452848323', 0.8097956293974743, 8.546456316415282)}","{53: ('55961337_0_6548713781034932742', '74491133_0_7177831100884797849', 0.9850163393873484, 2.1470355227734603)}"
"{128: ('8468806_0_4382447409703007384', '93078729_0_1451251196788678526', 0.7717071500104052, 9.134783488070081)}","{53: ('55961337_0_6548713781034932742', '76275868_0_4528346580716713695', 0.9823534277672101, 2.3280626429629776)}"
"{128: ('8468806_0_4382447409703007384', '98929678_0_3700213490979945526', 0.8883326949405794, 6.175219220197359)}","{53: ('55961337_0_6548713781034932742', '79327346_0_5787863739697336601', 0.9859607101639171, 2.076249134049912)}"
"{128: ('8468806_0_4382447409703007384', '54112392_0_160015365721559357', 0.8437265379553949, 7.593091299813148)}","{53: ('55961337_0_6548713781034932742', '8286121_0_8471791395229161598', 0.9605250824192012, 3.4862039276097736)}"
"{133: ('2066887_0_746204117268168398', '28086084_0_3127660530989916727', 0.8936631371343582, 6.026459402702925)}","{53: ('55961337_0_6548713781034932742', '86297395_0_6919201319699354263', 0.9669163263618048, 3.1824149398604242)}"
"{133: ('2066887_0_746204117268168398', '41480166_0_6681239260286218499', 0.8936631371343582, 6.026459402702925)}","{53: ('55961337_0_6548713781034932742', '9206866_1_8114610355671172497', 0.9814565594181386, 2.385533228601006)}"
"{228: ('88523363_0_8180214313099580515', '92896255_0_4593968708343548527', 0.7795450350607236, 8.32153939042199)}","{53: ('55961337_0_6548713781034932742', '14067031_0_559833072073397908', 0.9435283541598605, 4.470508678663675)}"
,"{53: ('55961337_0_6548713781034932742', '68779923_2_1000046510804975562', 0.9421022309890698, 4.505719266435904)}"
,"{53: ('55961337_0_6548713781034932742', '8009320_0_5507755752653817624', 0.9461554092926698, 4.280108299756408)}"
,"{53: ('55961337_0_6548713781034932742', '89511064_0_2199624509082573904', 0.8726556984304277, 6.92671943881753)}"
,"{54: ('57943722_0_8666078014685775876', '61069974_0_1894536874590565102', 0.9554418939824817, 3.7746878775433035)}"
,"{55: ('61069974_0_1894536874590565102', '61121469_0_6337620713408906340', 0.9850489148264631, 2.2068057141339485)}"
,"{55: ('61069974_0_1894536874590565102', '67865873_0_8259587610208037357', 0.9912118675258224, 1.7129082058752745)}"
,"{55: ('61069974_0_1894536874590565102', '68779923_0_3859283110041832023', 0.9440664390761294, 4.232699658542065)}"
,"{55: ('61069974_0_1894536874590565102', '68779923_1_3240042497463101224', 0.9540319970500886, 3.877366721508348)}"
,"{55: ('61069974_0_1894536874590565102', '68779923_4_1832350971585698643', 0.9399391491286191, 4.609056937944883)}"
,"{55: ('61069974_0_1894536874590565102', '68779923_5_2067037721454758189', 0.8912333086193132, 6.071910332439274)}"
,"{55: ('61069974_0_1894536874590565102', '69537082_0_7789694313271016902', 0.9912971159483935, 1.703358782953759)}"
,"{55: ('61069974_0_1894536874590565102', '74491133_0_7177831100884797849', 0.9889197659524701, 1.9176159145509195)}"
,"{55: ('61069974_0_1894536874590565102', '76275868_0_4528346580716713695', 0.9876040539095786, 2.0271011702022155)}"
,"{55: ('61069974_0_1894536874590565102', '79327346_0_5787863739697336601', 0.9900634281869731, 1.828629794360475)}"
,"{55: ('61069974_0_1894536874590565102', '8286121_0_8471791395229161598', 0.9671015306062211, 3.252500902233906)}"
,"{55: ('61069974_0_1894536874590565102', '86297395_0_6919201319699354263', 0.9758501690495924, 2.7986045420060566)}"
,"{55: ('61069974_0_1894536874590565102', '9206866_1_8114610355671172497', 0.9872811648987028, 2.0542403681756363)}"
,"{55: ('61069974_0_1894536874590565102', '14067031_0_559833072073397908', 0.9462190925181274, 4.3573395436820705)}"
,"{55: ('61069974_0_1894536874590565102', '68779923_2_1000046510804975562', 0.9452838560136352, 4.3797605558059205)}"
,"{55: ('61069974_0_1894536874590565102', '8009320_0_5507755752653817624', 0.9510582175828944, 4.090531403051368)}"
,"{55: ('61069974_0_1894536874590565102', '89511064_0_2199624509082573904', 0.8502792243031531, 7.5005831471820015)}"
,"{92: ('12183399_0_6725061928072492226', '24859353_0_7027810986004269522', 0.9792414110554748, 2.3855104275106056)}"
,"{92: ('12183399_0_6725061928072492226', '49087820_0_461228320225084868', 0.9493530649426162, 3.9763962051209045)}"
,"{92: ('12183399_0_6725061928072492226', '97941125_0_8220652154649529701', 0.9713598053072532, 3.0047646651374476)}"
,"{93: ('12193237_0_8699643798888088574', '24859353_0_7027810986004269522', 0.8874213433030301, 6.101025698190421)}"
,"{93: ('12193237_0_8699643798888088574', '49087820_0_461228320225084868', 0.9309294571345763, 4.842791266926896)}"
,"{93: ('12193237_0_8699643798888088574', '97941125_0_8220652154649529701', 0.9238653414091833, 5.072685742331862)}"
,"{103: ('13357355_0_5384862281417742530', '1438042986423_95_20150728002306-00329-ip-10-236-191-2_805336391_10', 0.9279895197417959, 5.196749356084548)}"
,"{109: ('13719111_1_5719401842463579519', '90196673_0_5458330029110291950', 0.971297044223292, 2.6236230279518127)}"
,"{110: ('48805028_0_8933391169600128370', '90196673_0_5458330029110291950', 0.9806690631629149, 2.14782630847099)}"
,"{111: ('74685423_0_8061289760697103949', '90196673_0_5458330029110291950', 0.979391152751182, 2.2364423625453576)}"
,"{112: ('84675086_0_6386416780680710863', '90196673_0_5458330029110291950', 0.979391152751182, 2.2364423625453576)}"
,"{117: ('14311244_0_7604843865524657408', '3887681_0_7938589465814037992', 0.9714547323054359, 3.2584951667025637)}"
,"{117: ('14311244_0_7604843865524657408', '63450419_0_8012592961815711786', 0.9597287412712951, 3.8954495903902555)}"
,"{117: ('14311244_0_7604843865524657408', '8468806_0_4382447409703007384', 0.9635151793312586, 3.5373786084541563)}"
,"{118: ('19361188_0_1640726405141876003', '3887681_0_7938589465814037992', 0.956127440911421, 4.056719376294419)}"
,"{118: ('19361188_0_1640726405141876003', '63450419_0_8012592961815711786', 0.9531544358116893, 4.217032943458578)}"
,"{118: ('19361188_0_1640726405141876003', '8468806_0_4382447409703007384', 0.9387715101812013, 4.71841723378737)}"
,"{119: ('21337553_0_8832378999628437599', '3887681_0_7938589465814037992', 0.9673413618510487, 3.475498329175434)}"
,"{119: ('21337553_0_8832378999628437599', '63450419_0_8012592961815711786', 0.9579996545453684, 3.972771434037221)}"
,"{119: ('21337553_0_8832378999628437599', '8468806_0_4382447409703007384', 0.9622100001610664, 3.616505356268194)}"
,"{120: ('28036255_0_5705563063166785494', '3887681_0_7938589465814037992', 0.9845406020107956, 2.401520533956342)}"
,"{120: ('28036255_0_5705563063166785494', '63450419_0_8012592961815711786', 0.9586968674029249, 3.944996109421114)}"
,"{120: ('28036255_0_5705563063166785494', '8468806_0_4382447409703007384', 0.9582801010656193, 3.8554461773114674)}"
,"{121: ('28993628_1_6072768612274729703', '3887681_0_7938589465814037992', 0.982175317804828, 2.6080273971237795)}"
,"{121: ('28993628_1_6072768612274729703', '63450419_0_8012592961815711786', 0.9568922195498548, 4.069498069677522)}"
,"{121: ('28993628_1_6072768612274729703', '8468806_0_4382447409703007384', 0.9537704048556469, 4.170362659791125)}"
,"{122: ('3389822_6_374624044314151266', '3887681_0_7938589465814037992', 0.9841779785558075, 2.4353467128614334)}"
,"{122: ('3389822_6_374624044314151266', '63450419_0_8012592961815711786', 0.9671178615661193, 3.5238845823345244)}"
,"{122: ('3389822_6_374624044314151266', '8468806_0_4382447409703007384', 0.9579485742066232, 3.8345417416088465)}"
,"{123: ('36039980_4_4283009829602711082', '3887681_0_7938589465814037992', 0.9444265993243119, 4.595151805788663)}"
,"{123: ('36039980_4_4283009829602711082', '63450419_0_8012592961815711786', 0.9262233175719888, 5.319614329831813)}"
,"{123: ('36039980_4_4283009829602711082', '8468806_0_4382447409703007384', 0.9068707485975581, 5.856756230497077)}"
,"{124: ('3887681_0_7938589465814037992', '49801939_0_6964113429298874283', 0.9714547323054359, 3.2584951667025637)}"
,"{124: ('3887681_0_7938589465814037992', '63450419_0_8012592961815711786', 0.9862064267318893, 2.293369496969578)}"
,"{124: ('3887681_0_7938589465814037992', '69381058_0_984708047398578866', 0.9805791247974969, 2.7165854337503115)}"
,"{125: ('49801939_0_6964113429298874283', '63450419_0_8012592961815711786', 0.9597287412712951, 3.8954495903902555)}"
,"{125: ('49801939_0_6964113429298874283', '8468806_0_4382447409703007384', 0.9635151793312586, 3.5373786084541563)}"
,"{126: ('63450419_0_8012592961815711786', '69381058_0_984708047398578866', 0.9706512044746427, 3.3539837913532544)}"
,"{126: ('63450419_0_8012592961815711786', '8468806_0_4382447409703007384', 0.9569334205674007, 4.02584853665042)}"
,"{127: ('69381058_0_984708047398578866', '8468806_0_4382447409703007384', 0.9690215513287546, 3.251403210714132)}"
,"{129: ('1438042986423_95_20150728002306-00125-ip-10-236-191-2_88435628_5', '1438042989018_40_20150728002309-00067-ip-10-236-191-2_57714692_2', 0.8666661873821786, 7.166805093882125)}"
,"{132: ('1614988_0_8789868670151796042', '2066887_0_746204117268168398', 0.9552507121895675, 3.952854459327077)}"
,"{132: ('1614988_0_8789868670151796042', '33401079_0_9127583903019856402', 0.9114966785639066, 5.461642798743466)}"
,"{132: ('1614988_0_8789868670151796042', '37815699_0_8391788584341609964', 0.964578428589228, 3.3963747335818155)}"
,"{133: ('2066887_0_746204117268168398', '21333456_2_1886495893795687264', 0.9153935824638567, 5.385070547257594)}"
,"{133: ('2066887_0_746204117268168398', '22987653_0_7774852112768859306', 0.9446417463741936, 4.394956189057881)}"
,"{133: ('2066887_0_746204117268168398', '28494901_6_7026744149694237309', 0.9600330231926479, 3.741996171456235)}"
,"{133: ('2066887_0_746204117268168398', '30166286_0_1837439231599898748', 0.9585285042886468, 3.8150038418518855)}"
,"{133: ('2066887_0_746204117268168398', '33401079_0_9127583903019856402', 0.8486498441717255, 7.277248385877282)}"
,"{133: ('2066887_0_746204117268168398', '37815699_0_8391788584341609964', 0.9221731273410211, 5.170903920955485)}"
,"{133: ('2066887_0_746204117268168398', '43237185_1_3636357855502246981', 0.9358900989660737, 4.789986668180395)}"
,"{133: ('2066887_0_746204117268168398', '45593932_0_6869375743660252130', 0.9186257901145612, 5.301648676594284)}"
,"{133: ('2066887_0_746204117268168398', '4730513_0_8573199053866072336', 0.9299995845473656, 4.937305581237438)}"
,"{133: ('2066887_0_746204117268168398', '76836443_2_249332777049648171', 0.9245816896498886, 5.089628795317773)}"
,"{134: ('21333456_2_1886495893795687264', '33401079_0_9127583903019856402', 0.9304431639334162, 4.8043211000294095)}"
,"{134: ('21333456_2_1886495893795687264', '37815699_0_8391788584341609964', 0.9575902935826157, 3.6460009878830193)}"
,"{135: ('22987653_0_7774852112768859306', '33401079_0_9127583903019856402', 0.9515191335955548, 4.053391202482304)}"
,"{135: ('22987653_0_7774852112768859306', '37815699_0_8391788584341609964', 0.9720581375027069, 3.038848744419931)}"
,"{136: ('28494901_6_7026744149694237309', '33401079_0_9127583903019856402', 0.9384256884384687, 4.5727113721339245)}"
,"{136: ('28494901_6_7026744149694237309', '37815699_0_8391788584341609964', 0.9653579744285, 3.386256022645586)}"
,"{137: ('30166286_0_1837439231599898748', '33401079_0_9127583903019856402', 0.9220348819732376, 5.158541564891592)}"
,"{137: ('30166286_0_1837439231599898748', '37815699_0_8391788584341609964', 0.9629087830703407, 3.521350552344274)}"
,"{138: ('33401079_0_9127583903019856402', '43237185_1_3636357855502246981', 0.95743262569478, 3.8747096158720957)}"
,"{138: ('33401079_0_9127583903019856402', '45593932_0_6869375743660252130', 0.9305809195495387, 4.824695896450454)}"
,"{138: ('33401079_0_9127583903019856402', '4730513_0_8573199053866072336', 0.9211644635047087, 5.167430722837431)}"
,"{138: ('33401079_0_9127583903019856402', '76836443_2_249332777049648171', 0.895530326094569, 5.849031393039535)}"
,"{139: ('37815699_0_8391788584341609964', '43237185_1_3636357855502246981', 0.9550771105212089, 3.9785815752032736)}"
,"{139: ('37815699_0_8391788584341609964', '45593932_0_6869375743660252130', 0.9558539046494006, 3.7655804060701707)}"
,"{139: ('37815699_0_8391788584341609964', '4730513_0_8573199053866072336', 0.9556803378222252, 3.813312289320628)}"
,"{139: ('37815699_0_8391788584341609964', '76836443_2_249332777049648171', 0.9517116193063265, 3.863922098034262)}"
,"{144: ('16767252_0_2409448375013995751', '18422942_0_3659164506677528063', 0.9568799327778258, 3.279477660613889)}"
,"{144: ('16767252_0_2409448375013995751', '6869358_0_1379459120563510331', 0.9772093667149404, 2.360422771340984)}"
,"{144: ('16767252_0_2409448375013995751', '9475172_1_1023126399856690702', 0.9802087217098344, 2.178017119067672)}"
,"{145: ('18422942_0_3659164506677528063', '20135078_0_7570343137119682530', 0.9606070217908133, 3.1374163558812356)}"
,"{145: ('18422942_0_3659164506677528063', '21362676_0_6854186738074119688', 0.9539485209517881, 3.3876828748438985)}"
,"{145: ('18422942_0_3659164506677528063', '25404227_0_2240631045609013057', 0.8934517331839266, 5.1068985973509)}"
,"{145: ('18422942_0_3659164506677528063', '35188621_0_6058553107571275232', 0.9657814169182858, 2.9291589835722975)}"
,"{145: ('18422942_0_3659164506677528063', '38428277_0_1311643810102462607', 0.9645063794159696, 2.9820445609042423)}"
,"{145: ('18422942_0_3659164506677528063', '39173938_0_7916056990138658530', 0.9545274182054962, 3.370099567353793)}"
,"{145: ('18422942_0_3659164506677528063', '39759273_0_1427898308030295194', 0.935486527497477, 3.989612673330562)}"
,"{145: ('18422942_0_3659164506677528063', '40844462_1_6230938203735169234', 0.9768460912381242, 2.423296370064998)}"
,"{145: ('18422942_0_3659164506677528063', '50245608_0_871275842592178099', 0.9248626943430306, 4.293347864716807)}"
,"{145: ('18422942_0_3659164506677528063', '53822652_0_5767892317858575530', 0.9809790138984987, 2.2054109536450626)}"
,"{145: ('18422942_0_3659164506677528063', '54719588_0_8417197176086756912', 0.9636942343656302, 3.0205027564082583)}"
,"{145: ('18422942_0_3659164506677528063', '58891288_0_1117541047012405958', 0.9578678968432903, 3.244150308984543)}"
,"{145: ('18422942_0_3659164506677528063', '6869358_0_1379459120563510331', 0.9626833268587591, 3.064961741608149)}"
,"{145: ('18422942_0_3659164506677528063', '69881946_0_1105130426898457358', 0.9577477365677775, 3.2695488124974164)}"
,"{145: ('18422942_0_3659164506677528063', '73988811_0_2775758476756716904', 0.958799098898769, 3.214050552263986)}"
,"{145: ('18422942_0_3659164506677528063', '77694908_0_6083291340991074532', 0.9457087949490307, 3.669886892040207)}"
,"{145: ('18422942_0_3659164506677528063', '84548468_0_5955155464119382182', 0.9590640286909285, 3.2146195410610146)}"
,"{145: ('18422942_0_3659164506677528063', '9475172_1_1023126399856690702', 0.9456862014733624, 3.6843486671967316)}"
,"{146: ('20135078_0_7570343137119682530', '6869358_0_1379459120563510331', 0.9783186569990361, 2.30166839079373)}"
,"{146: ('20135078_0_7570343137119682530', '9475172_1_1023126399856690702', 0.9796072053640537, 2.211269062452439)}"
,"{147: ('21362676_0_6854186738074119688', '6869358_0_1379459120563510331', 0.9790758539111482, 2.2613579548281413)}"
,"{147: ('21362676_0_6854186738074119688', '9475172_1_1023126399856690702', 0.9651867609772283, 2.887819323904461)}"
,"{148: ('25404227_0_2240631045609013057', '6869358_0_1379459120563510331', 0.9503173602963216, 3.4616040358203826)}"
,"{148: ('25404227_0_2240631045609013057', '9475172_1_1023126399856690702', 0.9635323112732392, 2.9454608522146906)}"
,"{149: ('35188621_0_6058553107571275232', '6869358_0_1379459120563510331', 0.982468872470992, 2.0739432202419157)}"
,"{149: ('35188621_0_6058553107571275232', '9475172_1_1023126399856690702', 0.9774257368252116, 2.325374918128461)}"
,"{150: ('38428277_0_1311643810102462607', '6869358_0_1379459120563510331', 0.9868343578354484, 1.8038718966084129)}"
,"{150: ('38428277_0_1311643810102462607', '9475172_1_1023126399856690702', 0.9756120040701697, 2.416165728782366)}"
,"{151: ('39173938_0_7916056990138658530', '6869358_0_1379459120563510331', 0.9812978024908652, 2.1603602141527265)}"
,"{151: ('39173938_0_7916056990138658530', '9475172_1_1023126399856690702', 0.9814259102916926, 2.119663658987835)}"
,"{152: ('39759273_0_1427898308030295194', '6869358_0_1379459120563510331', 0.9760727398773799, 2.42701970321406)}"
,"{152: ('39759273_0_1427898308030295194', '9475172_1_1023126399856690702', 0.9733469749156693, 2.5247404587152986)}"
,"{153: ('40844462_1_6230938203735169234', '6869358_0_1379459120563510331', 0.9880132113013675, 1.7217763539959037)}"
,"{153: ('40844462_1_6230938203735169234', '9475172_1_1023126399856690702', 0.9756572163958976, 2.4146447738310686)}"
,"{154: ('50245608_0_871275842592178099', '6869358_0_1379459120563510331', 0.9577411201502792, 3.201647693337951)}"
,"{154: ('50245608_0_871275842592178099', '9475172_1_1023126399856690702', 0.9658896353472579, 2.8540491703647652)}"
,"{155: ('53822652_0_5767892317858575530', '6869358_0_1379459120563510331', 0.9857800287343378, 1.8716698766558661)}"
,"{155: ('53822652_0_5767892317858575530', '9475172_1_1023126399856690702', 0.9769455021018818, 2.3500620942048345)}"
,"{156: ('54719588_0_8417197176086756912', '6869358_0_1379459120563510331', 0.9823179667670716, 2.0930281164858164)}"
,"{156: ('54719588_0_8417197176086756912', '9475172_1_1023126399856690702', 0.9712262103148445, 2.6201755681694014)}"
,"{157: ('58891288_0_1117541047012405958', '6869358_0_1379459120563510331', 0.9838848739302478, 1.9869310102899762)}"
,"{157: ('58891288_0_1117541047012405958', '9475172_1_1023126399856690702', 0.9765443308497386, 2.3754735016435613)}"
,"{158: ('6869358_0_1379459120563510331', '69881946_0_1105130426898457358', 0.9846920697599675, 2.0039207434058866)}"
,"{158: ('6869358_0_1379459120563510331', '73988811_0_2775758476756716904', 0.984044035342424, 2.0031577392046875)}"
,"{158: ('6869358_0_1379459120563510331', '77694908_0_6083291340991074532', 0.982154663908565, 2.096477734507617)}"
,"{158: ('6869358_0_1379459120563510331', '84548468_0_5955155464119382182', 0.9792708037539206, 2.284510581797428)}"
,"{158: ('6869358_0_1379459120563510331', '9475172_1_1023126399856690702', 0.9697040398288735, 2.723928598011851)}"
,"{159: ('69881946_0_1105130426898457358', '9475172_1_1023126399856690702', 0.9762181554113278, 2.4054114158081354)}"
,"{160: ('73988811_0_2775758476756716904', '9475172_1_1023126399856690702', 0.9755434092038086, 2.421230097024962)}"
,"{161: ('77694908_0_6083291340991074532', '9475172_1_1023126399856690702', 0.97625726491187, 2.3831585825250685)}"
,"{162: ('84548468_0_5955155464119382182', '9475172_1_1023126399856690702', 0.9535447794476745, 3.314305506205372)}"
,"{188: ('24417511_0_3058323105166963431', '25933880_0_4058554985574416690', 0.9721392257558418, 3.0521037916283116)}"
,"{188: ('24417511_0_3058323105166963431', '40534006_0_4617468856744635526', 0.9574019748651932, 3.7100386671212076)}"
,"{188: ('24417511_0_3058323105166963431', '44206774_0_3810538885942465703', 0.9840296796958146, 2.3897546519104855)}"
,"{189: ('25933880_0_4058554985574416690', '37541068_1_1156932518917623732', 0.9691538649104581, 3.195445230019531)}"
,"{189: ('25933880_0_4058554985574416690', '44206774_0_3810538885942465703', 0.9651298251639094, 3.6147069536185663)}"
,"{189: ('25933880_0_4058554985574416690', '45073662_0_3179937335063201739', 0.9629457853674216, 3.524644784108906)}"
,"{189: ('25933880_0_4058554985574416690', '50270082_0_444360818941411589', 0.9755890643937146, 2.862277300877247)}"
,"{189: ('25933880_0_4058554985574416690', '66009064_0_9148652238372261251', 0.9699798853579397, 3.291622318069065)}"
,"{189: ('25933880_0_4058554985574416690', '88732174_0_7321365014357502211', 0.973740674066432, 3.0033732560640773)}"
,"{190: ('37541068_1_1156932518917623732', '40534006_0_4617468856744635526', 0.9549882402552639, 3.8063912555645785)}"
,"{190: ('37541068_1_1156932518917623732', '44206774_0_3810538885942465703', 0.9770543301595883, 2.8448820417787894)}"
,"{191: ('40534006_0_4617468856744635526', '44206774_0_3810538885942465703', 0.9547420511542017, 4.031645955673729)}"
,"{191: ('40534006_0_4617468856744635526', '45073662_0_3179937335063201739', 0.9549372868343583, 3.8511850937281364)}"
,"{191: ('40534006_0_4617468856744635526', '50270082_0_444360818941411589', 0.9611352045360028, 3.5415239260007243)}"
,"{191: ('40534006_0_4617468856744635526', '66009064_0_9148652238372261251', 0.9563406703700568, 3.8743173040723446)}"
,"{191: ('40534006_0_4617468856744635526', '88732174_0_7321365014357502211', 0.960184656241805, 3.6220390382624865)}"
,"{192: ('44206774_0_3810538885942465703', '45073662_0_3179937335063201739', 0.9736624306358317, 3.037287025260692)}"
,"{192: ('44206774_0_3810538885942465703', '50270082_0_444360818941411589', 0.9888265905373421, 2.0240734866931755)}"
,"{192: ('44206774_0_3810538885942465703', '66009064_0_9148652238372261251', 0.9906921250449612, 1.8150354949308454)}"
,"{192: ('44206774_0_3810538885942465703', '88732174_0_7321365014357502211', 0.9846073524980414, 2.3393600302728137)}"
,"{216: ('33167985_0_5220049369716352813', '60319454_0_3938426910282115527', 0.9017703721851675, 4.988138301656248)}"
,"{216: ('33167985_0_5220049369716352813', '62564020_0_3836030043284699244', 0.8503026540013588, 6.408914543976186)}"
,"{216: ('33167985_0_5220049369716352813', '79966524_0_1484492112455633784', 0.7941079400603374, 7.046699185757589)}"
,"{216: ('33167985_0_5220049369716352813', '48456557_0_3760853481322708783', 0.681725616543311, 9.742866523027415)}"
,"{216: ('33167985_0_5220049369716352813', '71137051_0_8039724067857124984', 0.7856883086146289, 7.449745819612894)}"
,"{216: ('33167985_0_5220049369716352813', '88523363_0_8180214313099580515', 0.6645707261412297, 10.05001917692747)}"
,"{217: ('60319454_0_3938426910282115527', '71137051_0_8039724067857124984', 0.8833237455252707, 5.390194950123982)}"
,"{217: ('60319454_0_3938426910282115527', '88523363_0_8180214313099580515', 0.7425234183541808, 8.742772425925235)}"
,"{218: ('62564020_0_3836030043284699244', '71137051_0_8039724067857124984', 0.8749147941053511, 5.839785100922961)}"
,"{218: ('62564020_0_3836030043284699244', '88523363_0_8180214313099580515', 0.7416630377287865, 8.960582710026683)}"
,"{219: ('79966524_0_1484492112455633784', '71137051_0_8039724067857124984', 0.8154897020318534, 6.62081139406899)}"
,"{219: ('79966524_0_1484492112455633784', '88523363_0_8180214313099580515', 0.7228542584433583, 8.949180026489666)}"
,"{226: ('48456557_0_3760853481322708783', '71137051_0_8039724067857124984', 0.9558523302712709, 3.864958387149714)}"
,"{226: ('48456557_0_3760853481322708783', '88523363_0_8180214313099580515', 0.9807730515129734, 2.518795645032703)}"
,"{227: ('71137051_0_8039724067857124984', '88523363_0_8180214313099580515', 0.9377391899714224, 4.5417286805621995)}"
