ac,uc,ws,cm,emc,df,vt,tlc,is_subject_role,
0,1,0,0,0,0,3.417218543,1.455629139,1,10151359_0_8168779773862259178
0,1,0,0,0,1,2.264900662,0.30790287,0,10151359_0_8168779773862259178
0,1,0,0,0,0,1.258278146,0,0,10151359_0_8168779773862259178
0,1,0,0,0.047619048,0,1,0,0,10579449_0_1681126353774891032
0,1,0,0,0,0,2,0.89047619,1,10579449_0_1681126353774891032
0,1,0,0,0.047619048,0,1,0,0,10579449_0_1681126353774891032
0,1,0,0,0,0,1,0,1,10630177_0_4831842476649004753
0,1,0,0,1,0,1,0,0,10630177_0_4831842476649004753
0,1,0,0,0,0,4.16,3.643190955,0,10630177_0_4831842476649004753
0,1,0,0,0,1,1.31,0.341708543,0,10630177_0_4831842476649004753
0,1,0,0,0,0,1,0,0,10630177_0_4831842476649004753
0,1,0,0,0,0,2,0,0,10630177_0_4831842476649004753
0,1,0,0,0.02,0,1,0,0,10630177_0_4831842476649004753
0,1,0,0,0,0,1,0,1,11278409_0_3742771475298785475
0,1,0,0,0,0,1.538834951,0.367700687,0,11278409_0_3742771475298785475
0,1,0,0,0,1,2.04368932,0.520033152,0,11278409_0_3742771475298785475
0,1,0,0,0,0,1,0,0,11278409_0_3742771475298785475
0,1,0,0,0,0,1,0,0,11278409_0_3742771475298785475
0,1,0,0,0,0,1.91627907,0.367007172,1,1146722_1_7558140036342906956
0,1,0,0,0,0,1,0,0,1146722_1_7558140036342906956
0,1,0,0,0,0,1,0,0,1146722_1_7558140036342906956
0,1,0,0,0,3,1,0.117235384,0,1146722_1_7558140036342906956
0,1,0,0,0,0,2.986046512,0,0,1146722_1_7558140036342906956
0,1,0,0,0,0,1,0,0,1146722_1_7558140036342906956
0,1,0,0,0,0,1,0,0,1146722_1_7558140036342906956
0,1,0,0,0,0,1.566523605,1.112586947,1,11599512_1_280388135214354946
0,1,0,0,0,1,1.510729614,0.558975877,0,11599512_1_280388135214354946
0,1,0,0,0,2,1.266094421,0.377164422,0,11599512_1_280388135214354946
0,1,0,0,0.0472103,3,1.115879828,0.210781412,0,11599512_1_280388135214354946
0,1,0,0,0.034334764,0,1.004291845,0,0,11599512_1_280388135214354946
0,1,0,0,0,0,1,0,1,11688006_0_8123036130090004213
0,1,0,0,0,0,1.29015544,0.273477979,0,11688006_0_8123036130090004213
0,1,0,0,0,0,1,0,0,11688006_0_8123036130090004213
0,1,0,0,0,0,1,0,0,11688006_0_8123036130090004213
0,1,0,0,0,0,1,0,0,11688006_0_8123036130090004213
0,1,0,0,0,0,1,0,0,11688006_0_8123036130090004213
0,1,0,0,0,0,1,0,0,11688006_0_8123036130090004213
0,1,0,0,0,0,4.030769231,3.008653846,1,11833461_1_3811022039809817402
0,1,0,0,0,1,1.215384615,0.19375,0,11833461_1_3811022039809817402
0,1,0,0,0,0,1,0,0,11833461_1_3811022039809817402
0,1,0,0,0,0,1,0,0,11833461_1_3811022039809817402
0,1,0,0,0,0,1,0,0,11833461_1_3811022039809817402
0,1,0,0,0,5,1,0,0,11833461_1_3811022039809817402
0,1,0,0,0,0,2,0,1,12125836_0_1134348206297032434
0,1,0,0,0,0,2.566666667,1.264367816,0,12125836_0_1134348206297032434
0,1,0,0,0,1,1.533333333,0.464367816,0,12125836_0_1134348206297032434
0,1,0,0,0,2,6.733333333,0.47816092,0,12125836_0_1134348206297032434
0,1,0,0,0,0,2.033333333,0,0,12125836_0_1134348206297032434
0,1,0,0,0.625,0,2.3125,0,0,12151277_0_1262954734066545952
0,1,0,0,0,0,3.75,0.383333333,1,12151277_0_1262954734066545952
0,1,0,0,0.25,1,2,1.533333333,0,12151277_0_1262954734066545952
0,1,0,0,0,0,1.267515924,0.258206761,1,12183399_0_6725061928072492226
0,1,0,0,0.031847134,0,1,0,0,12183399_0_6725061928072492226
0,1,0,0,0.044585987,0,1,0,0,12183399_0_6725061928072492226
0,1,0,0,0.012738854,3,2.171974522,0.254042136,0,12183399_0_6725061928072492226
0,1,0,0,0.006369427,0,1,0,0,12183399_0_6725061928072492226
0,1,0,0,0,0,1.125,0.112903226,1,12193237_0_8699643798888088574
0,1,0,0,0,1,1.0625,0.060483871,0,12193237_0_8699643798888088574
0,1,0,0,0,2,2.375,0.297379032,0,12193237_0_8699643798888088574
0,1,0,0,0,3,1.21875,0.240927419,0,12193237_0_8699643798888088574
0,1,0,0,0,0,1.586206897,0.39408867,1,12271141_0_8517913935669973086
0,1,0,0,0,0,1,0,0,12271141_0_8517913935669973086
0,1,0,0,0,2,2,0.669950739,0,12271141_0_8517913935669973086
0,1,0,0,0,0,1,0,0,12271141_0_8517913935669973086
0,1,0,0,0,0,1.875,0.125,1,12746760_0_6703465836620308483
0,1,0,0,0,0,1,0,0,12746760_0_6703465836620308483
0,1,0,0,0,0,1,0,0,12746760_0_6703465836620308483
0,1,0,0,0,0,1,0,0,12746760_0_6703465836620308483
0,1,0,0,0,0,2.285714286,0,1,13357355_0_5384862281417742530
0,1,0,0,0.047619048,0,1.904761905,0.228571429,0,13357355_0_5384862281417742530
0,1,0,0,0,0,2.047619048,0,0,13357355_0_5384862281417742530
0,1,0,0,0,0,2.3125,0.1625,1,13395751_3_369722706637560735
0,1,0,0,0,1,1.4375,0,0,13395751_3_369722706637560735
0,1,0,0,0,0,1.4375,0,0,13395751_3_369722706637560735
0,1,0,0,0,0,1,0,0,13395751_3_369722706637560735
0,1,0,0,0,0,2.113105925,0.132867494,1,13719111_1_5719401842463579519
0,1,0,0,0,1,2,0.154366274,0,13719111_1_5719401842463579519
0,1,0,0,0,2,3.31956912,4.95491004,0,13719111_1_5719401842463579519
0,1,0,0,0,0,1.339622642,0.304063861,1,14067031_0_559833072073397908
0,1,0,0,0,1,1.20754717,0.167634253,0,14067031_0_559833072073397908
0,1,0,0,0,0,1,0,0,14067031_0_559833072073397908
0,1,0,0,0,0,1.981132075,0,0,14067031_0_559833072073397908
0,1,0,0,0,4,2.452830189,0.478229318,0,14067031_0_559833072073397908
0,1,0,0,0,5,1.113207547,0.140783745,0,14067031_0_559833072073397908
0,1,0,0,0,0,1,0,0,14067031_0_559833072073397908
0,1,0,0,0,7,1.735849057,0.198113208,0,14067031_0_559833072073397908
0,1,0,0,0,0,2,0.387096774,1,14311244_0_7604843865524657408
0,1,0,0,0,0,1,0,0,14311244_0_7604843865524657408
0,1,0,0,0,2,1,0,0,14311244_0_7604843865524657408
0,1,0,0,0,3,2.90625,0,0,14311244_0_7604843865524657408
0,1,0,0,0,0,1,0,1,1438042986423_95_20150728002306-00125-ip-10-236-191-2_88435628_5
0,1,0,0,0,0,1,0,0,1438042986423_95_20150728002306-00125-ip-10-236-191-2_88435628_5
0,1,0,0,0,0,1,0,0,1438042986423_95_20150728002306-00125-ip-10-236-191-2_88435628_5
0,1,0,0,0,0,1,0,0,1438042986423_95_20150728002306-00125-ip-10-236-191-2_88435628_5
0,1,0,0,0.375,0,1,0,0,1438042986423_95_20150728002306-00125-ip-10-236-191-2_88435628_5
0,1,0,0,0,0,1,0,1,1438042986423_95_20150728002306-00329-ip-10-236-191-2_805336391_10
0,1,0,0,0,0,2.8,0.266666667,0,1438042986423_95_20150728002306-00329-ip-10-236-191-2_805336391_10
0,1,0,0,0,0,1,0,0,1438042986423_95_20150728002306-00329-ip-10-236-191-2_805336391_10
0,1,0,0,0,0,1,0,0,1438042986423_95_20150728002306-00329-ip-10-236-191-2_805336391_10
0,1,0,0,0,3,1.8,0.677777778,0,1438042986423_95_20150728002306-00329-ip-10-236-191-2_805336391_10
0,1,0,0,0,0,1,0,0,1438042986423_95_20150728002306-00329-ip-10-236-191-2_805336391_10
0,1,0,0,0,0,1,0,1,1438042989018_40_20150728002309-00067-ip-10-236-191-2_57714692_2
0,1,0,0,0,0,1,0,0,1438042989018_40_20150728002309-00067-ip-10-236-191-2_57714692_2
0,1,0,0,0,0,1,0,0,1438042989018_40_20150728002309-00067-ip-10-236-191-2_57714692_2
0,1,0,0,0,0,1,0,0,1438042989018_40_20150728002309-00067-ip-10-236-191-2_57714692_2
0,1,0,0,0,0,1,0,0,1438042989018_40_20150728002309-00067-ip-10-236-191-2_57714692_2
0,1,0,0,1,0,1,0,0,1438042989018_40_20150728002309-00067-ip-10-236-191-2_57714692_2
0,1,0,0,1,0,1,0,0,1438042989018_40_20150728002309-00067-ip-10-236-191-2_57714692_2
0,1,0,0,0,0,2.111111111,0.104575163,1,1438042989043_35_20150728002309-00287-ip-10-236-191-2_875026214_2
0,1,0,0,0,1,8,0,0,1438042989043_35_20150728002309-00287-ip-10-236-191-2_875026214_2
0,1,0,0,0,2,4,0,0,1438042989043_35_20150728002309-00287-ip-10-236-191-2_875026214_2
0,1,0,0,0,0,1,0,1,14380604_4_3329235705746762392
0,1,0,0,0,0,1.85,0.642105263,0,14380604_4_3329235705746762392
0,1,0,0,0,0,1,0,0,14380604_4_3329235705746762392
0,1,0,0,0,2,1.65,0.252631579,0,14380604_4_3329235705746762392
0,1,0,0,0,0,1,0,0,14380604_4_3329235705746762392
0,1,0,0,0,0,1,0,0,14380604_4_3329235705746762392
0,1,0,0,0,0,1,0,0,14380604_4_3329235705746762392
0,1,0,0,0,0,1,0,0,14380604_4_3329235705746762392
0,1,0,0,0,0,3.024390244,3.12804878,1,15700884_0_8204220284166767221
0,1,0,0,0,1,3.219512195,1.690243902,0,15700884_0_8204220284166767221
0,1,0,0,0,0,1,0,0,15700884_0_8204220284166767221
0,1,0,0,0,0,2.296296296,0.216524217,1,1614988_0_8789868670151796042
0,1,0,0,0,0,1,0,0,1614988_0_8789868670151796042
0,1,0,0,0,0,1,0,0,1614988_0_8789868670151796042
0,1,0,0,0.185185185,0,1,0,0,1614988_0_8789868670151796042
0,1,0,0,0,4,1.185185185,0.156695157,0,1614988_0_8789868670151796042
0,1,0,0,0.888888889,0,1,0,0,1614988_0_8789868670151796042
0,1,0,0,0.740740741,0,1,0,0,1614988_0_8789868670151796042
0,1,0,0,0.740740741,0,1,0,0,1614988_0_8789868670151796042
0,1,0,0,1,0,1,0,0,1614988_0_8789868670151796042
0,1,0,0,0.814814815,0,1,0,0,1614988_0_8789868670151796042
0,1,0,0,0.814814815,0,1,0,0,1614988_0_8789868670151796042
0,1,0,0,0,0,1,0,1,16767252_0_2409448375013995751
0,1,0,0,0,0,2.681818182,0.731321839,0,16767252_0_2409448375013995751
0,1,0,0,0,0,1,0,0,16767252_0_2409448375013995751
0,1,0,0,0,2,2.306818182,0.413662487,0,16767252_0_2409448375013995751
0,1,0,0,0,0,1,0,0,16767252_0_2409448375013995751
0,1,0,0,0,0,3.7,1.6,1,16949304_0_2573050770332101882
0,1,0,0,0,0,1,0,0,16949304_0_2573050770332101882
0,1,0,0,0,2,3.2,0.1,0,16949304_0_2573050770332101882
0,1,0,0,0.1,3,2.9,1.066666667,0,16949304_0_2573050770332101882
0,1,0,0,0.1,4,1,0.1,0,16949304_0_2573050770332101882
0,1,0,0,0,0,2.956834532,0.662961328,1,18422942_0_3659164506677528063
0,1,0,0,0,0,1.996402878,0,0,18422942_0_3659164506677528063
0,1,0,0,0,0,1.201438849,0,0,18422942_0_3659164506677528063
0,1,280,0,0,0,3.39957265,0.77779608,1,19272019_0_1508498249156534553
0,1,135,0,0,1,2.258547009,0.290502205,0,19272019_0_1508498249156534553
0,1,8,0,0,2,1,0,0,19272019_0_1508498249156534553
0,1,15,0,0,0,2.361256545,0.69809865,1,19361188_0_1640726405141876003
0,1,0,0,0,0,1,0,0,19361188_0_1640726405141876003
0,1,14,0,0,2,1,0,0,19361188_0_1640726405141876003
0,1,10,0,0,3,1,0.106475613,0,19361188_0_1640726405141876003
0,1,0,0,0.471204188,0,1,0,0,19361188_0_1640726405141876003
0,1,0,0,0.979057592,0,1.041884817,0,0,19361188_0_1640726405141876003
0,1,0,0,0,0,1,0,0,19654359_0_3020273135042459469
0,1,112,0,0,0,3.394160584,0.518355517,1,19654359_0_3020273135042459469
0,1,41,0,0,1,1.343065693,0.271146415,0,19654359_0_3020273135042459469
0,1,0,0,0,0,1,0,0,19654359_0_3020273135042459469
0,1,0,0,0,0,1,0,0,20135078_0_7570343137119682530
0,1,217,0,0,0,2.62,0.619292929,1,20135078_0_7570343137119682530
0,1,0,0,0,0,1,0,0,20135078_0_7570343137119682530
0,1,101,0,0,2,2.49,3.294848485,0,20135078_0_7570343137119682530
0,1,0,0,0,0,1,0,0,20135078_0_7570343137119682530
0,1,61,0,0,0,2.338461538,0.383653846,1,2066887_0_746204117268168398
0,1,14,0,0,1,1,0,0,2066887_0_746204117268168398
0,1,0,0,0.046153846,0,1,0,0,2066887_0_746204117268168398
0,1,0,0,0,0,2,0,0,2066887_0_746204117268168398
0,1,0,0,0.015384615,0,1,0,0,2066887_0_746204117268168398
0,1,24,0,0,0,1.056872038,0.053893026,0,21245481_0_8730460088443117515
0,1,174,0,0,1,3.909952607,6.822613406,1,21245481_0_8730460088443117515
0,1,0,0,0,0,2,0,0,21245481_0_8730460088443117515
0,1,0,0,0,0,1,0,0,21329809_0_5526008408364682899
0,1,12,0,0,0,1.185897436,0.242638544,1,21329809_0_5526008408364682899
0,1,54,0,0,1,1.185897436,0.152315964,0,21329809_0_5526008408364682899
0,1,0,0,0,0,1,0,0,21329809_0_5526008408364682899
0,1,0,0,0.096153846,0,1,0,0,21329809_0_5526008408364682899
0,1,66,0,0,4,2.128205128,0.448759305,0,21329809_0_5526008408364682899
0,1,92,0,0,0,2.03030303,0.03030303,1,21333456_2_1886495893795687264
0,1,28,0,0,1,6.151515152,2.876893939,0,21333456_2_1886495893795687264
0,1,0,0,0,0,1.060606061,0,0,21333456_2_1886495893795687264
0,1,0,0,0,0,1,0,0,21337553_0_8832378999628437599
0,1,64,0,0,0,1.691588785,0.492505731,1,21337553_0_8832378999628437599
0,1,0,0,0,0,1,0,0,21337553_0_8832378999628437599
0,1,23,0,0,2,1.056074766,0.072297655,0,21337553_0_8832378999628437599
0,1,8,0,0,3,1.056074766,0.05342973,0,21337553_0_8832378999628437599
0,1,0,0,0,0,1,0,0,21362676_0_6854186738074119688
0,1,44,0,0,0,3,0.817272727,1,21362676_0_6854186738074119688
0,1,0,0,0,0,1,0,0,21362676_0_6854186738074119688
0,1,31,0,0,2,2.17,0.296060606,0,21362676_0_6854186738074119688
0,1,0,0,0,0,1,0,0,21362676_0_6854186738074119688
0,1,0,0,0,0,1,0,0,21585935_0_294037497010176843
0,1,142,0,0,0,3.394160584,0.518355517,1,21585935_0_294037497010176843
0,1,30,0,0,1,1.343065693,0.271146415,0,21585935_0_294037497010176843
0,1,0,0,0,0,1,0,0,21585935_0_294037497010176843
0,1,0,0,0.1,0,1,0,0,21801207_0_8144839668470123042
0,1,0,0,1,0,1,0,0,21801207_0_8144839668470123042
0,1,0,0,0,0,1,0,0,21801207_0_8144839668470123042
0,1,0,0,1,0,1,0,0,21801207_0_8144839668470123042
0,1,0,0,1,0,1,0,0,21801207_0_8144839668470123042
0,1,0,0,0,0,3.9,1.523684211,1,21801207_0_8144839668470123042
0,1,0,0,0,1,1.8,0.326315789,0,21801207_0_8144839668470123042
0,1,0,0,0,0,1.5,0,0,21801207_0_8144839668470123042
0,1,0,0,0,0,1.8,0,0,21801207_0_8144839668470123042
0,1,0,0,0,0,3.389920424,1.956007675,1,22864497_0_8632623712684511496
0,1,0,0,0,1,1.713527851,0.84956826,0,22864497_0_8632623712684511496
0,1,0,0,0.129973475,2,2.74005305,0.113381116,0,22864497_0_8632623712684511496
0,1,0,0,0.24668435,3,2.5066313,0.186325413,0,22864497_0_8632623712684511496
0,1,0,0,0.713527851,0,1.572944297,0,0,22864497_0_8632623712684511496
0,1,0,0,0.00795756,5,1.00265252,0.01061008,0,22864497_0_8632623712684511496
0,1,0,0,0,0,2,0,0,22864497_0_8632623712684511496
0,1,0,0,0,0,1,0,0,22987653_0_7774852112768859306
0,1,65,0,0,0,2.222222222,0.332096475,1,22987653_0_7774852112768859306
0,1,1,0,0,1,2.606060606,0.265512266,0,22987653_0_7774852112768859306
0,1,23,0,0.404040404,2,1.262626263,0.864564007,0,22987653_0_7774852112768859306
0,1,61,0,0,0,1.265060241,0.198648252,1,24036779_0_5608105867560183058
0,1,0,0,0,0,1,0,0,24036779_0_5608105867560183058
0,1,0,0,0,0,1,0,0,24036779_0_5608105867560183058
0,1,0,0,0,0,1,0,0,24036779_0_5608105867560183058
0,1,0,0,0,0,1,0,0,24036779_0_5608105867560183058
0,1,62,0,0,5,2.228915663,1.132823979,0,24036779_0_5608105867560183058
0,1,62,0,0,6,5.096385542,24.94739935,0,24036779_0_5608105867560183058
0,1,0,0,0,0,1,0,0,24142265_0_4577466141408796359
0,1,0,0,0,0,1,0,0,24142265_0_4577466141408796359
0,1,0,0,0,0,1,0,0,24142265_0_4577466141408796359
0,1,0,0,0,0,1,0,0,24142265_0_4577466141408796359
0,1,13,0,0,0,1.57,0.207171717,0,24142265_0_4577466141408796359
0,1,175,0,0,1,3.7,1.358686869,1,24142265_0_4577466141408796359
0,1,0,0,0,0,1,0,0,24417511_0_3058323105166963431
0,1,67,0,0,0,2.023728814,0.033829125,1,24417511_0_3058323105166963431
0,1,5,0,0,1,1.206779661,0.158491871,0,24417511_0_3058323105166963431
0,1,2,0,0,2,1,0,0,24417511_0_3058323105166963431
0,1,0,0,0.630508475,0,1,0,0,24417511_0_3058323105166963431
0,1,0,0,0.630508475,0,1,0,0,24417511_0_3058323105166963431
0,1,57,0,0,0,1.573459716,0.782893252,1,24850757_0_5978004733768297283
0,1,0,0,0,0,1,0,0,24850757_0_5978004733768297283
0,1,0,0,0,0,1,0,0,24850757_0_5978004733768297283
0,1,0,0,0,0,1,0,0,24850757_0_5978004733768297283
0,1,0,0,1,0,1,0,0,24850757_0_5978004733768297283
0,1,0,0,1,0,1,0,0,24859353_0_7027810986004269522
0,1,0,0,0,0,1.153846154,0,0,24859353_0_7027810986004269522
0,1,0,0,0,0,1,0,0,24859353_0_7027810986004269522
0,1,31,0,0,0,2.173076923,0.171945701,1,24859353_0_7027810986004269522
0,1,0,0,1,0,1,0,0,24859353_0_7027810986004269522
0,1,0,0,1,0,1,0,0,24859353_0_7027810986004269522
0,1,0,0,0,0,1,0,0,25404227_0_2240631045609013057
0,1,110,0,0,0,3.21,1.035454545,1,25404227_0_2240631045609013057
0,1,0,0,0,0,1,0,0,25404227_0_2240631045609013057
0,1,56,0,0,2,2.31,0.531212121,0,25404227_0_2240631045609013057
0,1,0,0,0,0,1,0,0,25404227_0_2240631045609013057
0,1,43,0,0,0,2,0.404155429,1,25933880_0_4058554985574416690
0,1,0,0,0,0,1,0,0,25933880_0_4058554985574416690
0,1,0,0,0,0,2,0,0,25933880_0_4058554985574416690
0,1,25,0,0,0,1.578947368,0.374269006,1,26270372_1_3774607938887520564
0,1,0,0,0.263157895,0,1,0,0,26270372_1_3774607938887520564
0,1,0,0,0.315789474,0,1,0,0,26270372_1_3774607938887520564
0,1,0,0,0,0,1,0,0,26270372_1_3774607938887520564
0,1,0,0,0.315789474,0,1,0,0,26270372_1_3774607938887520564
0,1,22,0,0.128205128,0,1.494505495,0.844537815,1,26310680_0_5150772059999313798
0,1,15,0,0.007326007,1,2.036630037,0.653065072,1,26310680_0_5150772059999313798
0,1,0,0,0.018315018,0,1,0,0,26310680_0_5150772059999313798
0,1,0,0,0.018315018,0,1,0,0,26310680_0_5150772059999313798
0,1,59,0,0,0,4.273901809,4.691020337,1,27466715_0_3913547177671701530
0,1,0,0,0,0,1,0,0,27466715_0_3913547177671701530
0,1,16,0,0,2,1.622739018,0.450897699,0,27466715_0_3913547177671701530
0,1,0,0,0,3,1.310077519,0.286875259,0,27466715_0_3913547177671701530
0,1,0,0,0.129198966,0,1.899224806,0,0,27466715_0_3913547177671701530
0,1,0,0,0,0,1.733850129,0,0,27466715_0_3913547177671701530
0,1,0,0,0,0,1,0,0,27466715_0_3913547177671701530
0,1,6,0,0,7,1.490956072,0.296796133,0,27466715_0_3913547177671701530
0,1,59,0,0,0,1.401315789,0.405408633,1,28036255_0_5705563063166785494
0,1,0,0,0,0,1,0,0,28036255_0_5705563063166785494
0,1,0,0,0,0,1,0,0,28036255_0_5705563063166785494
0,1,24,0,0,3,1.157894737,0.133402814,0,28036255_0_5705563063166785494
0,1,0,0,0,0,1.259868421,0,0,28036255_0_5705563063166785494
0,1,0,0,0,0,1,0,0,28036255_0_5705563063166785494
0,1,0,0,1,0,1,0,0,28036255_0_5705563063166785494
0,1,0,0,0,0,1,0,0,28079336_1_3124145965038277571
0,1,131,0,0,0,1.86,0.502121212,1,28079336_1_3124145965038277571
0,1,0,0,0,1,1.41,0.244343434,0,28079336_1_3124145965038277571
0,1,8,0,0,2,1.94,0.610505051,0,28079336_1_3124145965038277571
0,1,0,0,0,0,1,0,0,28079336_1_3124145965038277571
0,1,0,0,0,0,1,0,0,28079336_1_3124145965038277571
0,1,0,0,0,0,1,0,0,28079336_1_3124145965038277571
0,1,0,0,0,0,1,0,0,28079336_1_3124145965038277571
0,1,0,0,0.008264463,0,1,0,0,28079336_2_2139598421036200532
0,1,14,0,0.008264463,0,1.776859504,0.630716253,1,28079336_2_2139598421036200532
0,1,0,0,0.008264463,0,1,0,0,28079336_2_2139598421036200532
0,1,0,0,0.008264463,2,1.157024793,0.138429752,0,28079336_2_2139598421036200532
0,1,52,0,0,0,2.352678571,0.382266976,1,28086084_0_3127660530989916727
0,1,0,0,0,0,1,0,0,28086084_0_3127660530989916727
0,1,0,0,0,0,1,0,0,28086084_0_3127660530989916727
0,1,0,0,0,0,1,0,0,28086084_0_3127660530989916727
0,1,985,0,0,4,1,0,0,28086084_0_3127660530989916727
0,1,0,0,0,0,1,0,0,28086084_0_3127660530989916727
0,1,92,0,0,0,3.4,0.233333333,1,28154036_0_909001972154294543
0,1,0,0,0,0,1,0,0,28154036_0_909001972154294543
0,1,0,0,0,0,2,0,0,28154036_0_909001972154294543
0,1,0,0,0,0,1,0,0,28154036_0_909001972154294543
0,1,0,0,0,0,1,0,0,28154036_0_909001972154294543
0,1,302,0,0,0,2.349693252,0.596682572,1,28494901_6_7026744149694237309
0,1,0,0,0.233128834,0,1.006134969,0,0,28494901_6_7026744149694237309
0,1,73,0,0.245398773,2,3.711656442,5.83064455,0,28494901_6_7026744149694237309
0,1,30,0,0,0,2,0.125,1,28646774_0_3256889721737611537
0,1,0,0,0,0,1,0,0,28646774_0_3256889721737611537
0,1,0,0,0,0,1,0,0,28646774_0_3256889721737611537
0,1,0,0,0,0,1,0,0,28646774_0_3256889721737611537
0,1,0,0,0,0,1,0,0,28646774_0_3256889721737611537
0,1,2290,0,0,5,1,0,0,28646774_0_3256889721737611537
0,1,0,0,0,0,1,0,0,28993628_1_6072768612274729703
0,1,24,0,0,0,1.328947368,0.357017544,1,28993628_1_6072768612274729703
0,1,0,0,0,0,1,0,0,28993628_1_6072768612274729703
0,1,0,0,0,0,1,0,0,28993628_1_6072768612274729703
0,1,0,0,0,0,2,0,0,28993628_1_6072768612274729703
0,1,27,0,0,0,1,0,0,29021592_3_2299138476894681059
0,1,0,0,0,0,1,0,0,29021592_3_2299138476894681059
0,1,56,0,0,2,3.2,0.2,1,29021592_3_2299138476894681059
0,1,34,0,0.4,3,2.2,1.2,0,29021592_3_2299138476894681059
0,1,0,0,1,0,1,0,0,29021592_3_2299138476894681059
0,1,94,0,0,0,1.6,0.3,0,29021592_4_4348860179678308511
0,1,0,0,0,0,1.4,0,0,29021592_4_4348860179678308511
0,1,146,0,0.2,2,3.4,2.3,1,29021592_4_4348860179678308511
0,1,0,0,0.8,0,1.4,0,0,29021592_4_4348860179678308511
0,1,7,0,0.8,4,1,0.2,0,29021592_4_4348860179678308511
0,1,518,0,0,0,3.76,0.652424242,1,29412826_0_3422707769191426540
0,1,188,0,0,1,1.46,0.29040404,0,29412826_0_3422707769191426540
0,1,35,0,0,2,1.25,0.189393939,0,29412826_0_3422707769191426540
0,1,0,0,1,0,1,0,0,29412826_0_3422707769191426540
0,1,0,0,0,0,1,0,0,29414811_12_251152470253168163
0,1,95,0,0,0,3.583333333,1.101449275,1,29414811_12_251152470253168163
0,1,0,0,0,1,2.083333333,0.911231884,0,29414811_12_251152470253168163
0,1,20,0,0,2,4.5,8.427536232,0,29414811_12_251152470253168163
0,1,26,0,0,3,2.541666667,1.89673913,0,29414811_12_251152470253168163
0,1,0,0,0,0,1,0,0,29414811_13_8724394428539174350
0,1,78,0,0,0,3.5625,1.295833333,1,29414811_13_8724394428539174350
0,1,0,0,0,1,2.625,0.929166667,0,29414811_13_8724394428539174350
0,1,14,0,0,2,3.0625,2.866666667,0,29414811_13_8724394428539174350
0,1,25,0,0,3,1.9375,0.995833333,0,29414811_13_8724394428539174350
0,1,0,0,0,0,1,0,0,29414811_2_4773219892816395776
0,1,179,0,0,0,3.181818182,1.116883117,1,29414811_2_4773219892816395776
0,1,7,0,0,1,1.5,1.023809524,0,29414811_2_4773219892816395776
0,1,23,0,0,2,3,1.575757576,0,29414811_2_4773219892816395776
0,1,33,0,0,3,1.318181818,0.417748918,0,29414811_2_4773219892816395776
0,1,0,0,0,0,1,0,0,29414811_6_8221428333921653560
0,1,133,0,0,0,3.769230769,1.743589744,1,29414811_6_8221428333921653560
0,1,4,0,0,1,2.076923077,1.076923077,0,29414811_6_8221428333921653560
0,1,31,0,0,2,4.307692308,3.730769231,0,29414811_6_8221428333921653560
0,1,20,0,0,3,2.076923077,0.576923077,0,29414811_6_8221428333921653560
0,1,72,0,0,0,2.419354839,0.490322581,1,29857217_0_961038783966485949
0,1,0,0,0,0,1,0,0,29857217_0_961038783966485949
0,1,0,0,0,0,1,0,0,29857217_0_961038783966485949
0,1,0,0,0,0,1,0,0,29886325_0_1448173912684571475
0,1,2,0,0,0,1.141732283,0.198328717,1,29886325_0_1448173912684571475
0,1,12,0,0,1,1.05511811,0.060191093,0,29886325_0_1448173912684571475
0,1,0,0,0,0,1,0,0,29886325_0_1448173912684571475
0,1,0,0,0.307086614,0,1,0,0,29886325_0_1448173912684571475
0,1,45,0,0,4,1.838582677,0.583875385,0,29886325_0_1448173912684571475
0,1,39,0,0,0,5,0,0,30166286_0_1837439231599898748
0,1,0,0,0,0,1,0,0,30166286_0_1837439231599898748
0,1,65,0,0.057142857,2,2.39047619,0.571062271,1,30166286_0_1837439231599898748
0,1,0,0,0.504761905,0,1.761904762,0,0,30166286_0_1837439231599898748
0,1,0,0,0.752380952,0,1.428571429,0,0,30166286_0_1837439231599898748
0,1,105,0,0,0,2.1,0.988888889,1,30645756_0_2413317245475669227
0,1,0,0,1,0,1,0,0,30645756_0_2413317245475669227
0,1,12,0,0,2,2,0,0,30645756_0_2413317245475669227
0,1,0,0,1,0,1,0,0,30645756_0_2413317245475669227
0,1,0,0,1,0,1,0,0,30645756_0_2413317245475669227
0,1,0,0,0,0,1,0,0,32051842_5_1757891723986774036
0,1,256,0,0,0,3.15,0.642105263,1,32051842_5_1757891723986774036
0,1,42,0,0,1,1.5,0.263157895,0,32051842_5_1757891723986774036
0,1,0,0,0,0,1,0,0,32051842_5_1757891723986774036
0,1,0,0,0,0,3.7,1.6,1,32460905_0_5195150472060854231
0,1,0,0,0,0,1,0,0,32460905_0_5195150472060854231
0,1,0,0,0,2,3.2,0.1,0,32460905_0_5195150472060854231
0,1,0,0,0.1,3,2.9,1.066666667,0,32460905_0_5195150472060854231
0,1,0,0,0.1,4,1,0.1,0,32460905_0_5195150472060854231
0,1,162,0,0,0,3.882629108,1.416467358,1,32812626_0_5428724146873158593
0,1,71,0,0.004694836,1,1.488262911,0.448622553,0,32812626_0_5428724146873158593
0,1,0,0,0,0,1,0,0,32812626_0_5428724146873158593
0,1,0,0,0,0,1,0,0,32812626_0_5428724146873158593
0,1,0,0,0,0,1,0,0,32812626_0_5428724146873158593
0,1,0,0,0,0,1,0,0,32812626_0_5428724146873158593
0,1,47,0,0,0,1.857142857,0.80952381,1,33167985_0_5220049369716352813
0,1,0,0,0,1,1,0,0,33167985_0_5220049369716352813
0,1,0,0,0,2,1,0,0,33167985_0_5220049369716352813
0,1,0,0,0,3,1,0,0,33167985_0_5220049369716352813
0,1,2,0,0,4,1.285714286,0.238095238,0,33167985_0_5220049369716352813
0,1,4,0,0,5,1.571428571,0.285714286,0,33167985_0_5220049369716352813
0,1,18,0,0,6,2.285714286,0.285714286,0,33167985_0_5220049369716352813
0,1,20,0,0,7,3.857142857,1.476190476,0,33167985_0_5220049369716352813
0,1,78,0,0,0,3.681818182,1.307359307,1,33242247_1_7232384061498591611
0,1,0,0,0,0,1,0,0,33242247_1_7232384061498591611
0,1,0,0,0,0,1,0,0,33242247_1_7232384061498591611
0,1,0,0,0.454545455,0,1,0,0,33242247_1_7232384061498591611
0,1,0,0,0,0,1,0,0,33242247_1_7232384061498591611
0,1,0,0,0.590909091,0,1,0,0,33242247_1_7232384061498591611
0,1,33,0,0,0,2.554216867,0.569203644,1,33401079_0_9127583903019856402
0,1,0,0,0,0,1.036144578,0,0,33401079_0_9127583903019856402
0,1,6,0,0,2,7.325301205,6.025565677,0,33401079_0_9127583903019856402
0,1,0,0,0,0,1,0,0,3389822_6_374624044314151266
0,1,46,0,0,0,1.766233766,0.681476418,1,3389822_6_374624044314151266
0,1,0,0,0,0,1,0,0,3389822_6_374624044314151266
0,1,0,0,0,0,1,0,0,3389822_6_374624044314151266
0,1,0,0,0,0,2,0,0,3389822_6_374624044314151266
0,1,0,0,0,0,1,0,0,34041816_1_4749054164534706977
0,1,59,0,0,0,2.966666667,0.722988506,1,34041816_1_4749054164534706977
0,1,36,0,0,1,4.4,2.562068966,0,34041816_1_4749054164534706977
0,1,0,0,0,0,1,0,0,34041816_1_4749054164534706977
0,1,0,0,0,0,1,0,0,34041816_1_4749054164534706977
0,1,0,0,0,0,1,0,0,34041816_1_4749054164534706977
0,1,36,0,0.010869565,0,1.22826087,0.203057812,0,34899692_0_6530393048033763438
0,1,63,0,0.010869565,1,2.065217391,0.151935022,1,34899692_0_6530393048033763438
0,1,0,0,0.141304348,0,1.02173913,0,0,34899692_0_6530393048033763438
0,1,0,0,0.065217391,0,1.369565217,0,0,34899692_0_6530393048033763438
0,1,0,0,0,0,1,0,0,35188621_0_6058553107571275232
0,1,84,0,0,0,2.584070796,0.834228824,1,35188621_0_6058553107571275232
0,1,0,0,0,0,1,0,0,35188621_0_6058553107571275232
0,1,42,0,0,2,2.230088496,0.200379267,0,35188621_0_6058553107571275232
0,1,0,0,0,0,1,0,0,35188621_0_6058553107571275232
0,1,0,0,0,0,1,0,0,36039980_4_4283009829602711082
0,1,195,0,0,0,2.45,1.523684211,1,36039980_4_4283009829602711082
0,1,0,0,0,0,1,0,0,36039980_4_4283009829602711082
0,1,2,0,0,2,1,0,0,36039980_4_4283009829602711082
0,1,0,0,0,0,2,0,0,36039980_4_4283009829602711082
0,1,27,0,0.067567568,0,1.037837838,0.063172929,0,36102169_0_7739454799295072814
0,1,34,0,0.067567568,1,1.22972973,0.244664176,0,36102169_0_7739454799295072814
0,1,225,0,0.067567568,2,3.281081081,1.659569325,1,36102169_0_7739454799295072814
0,1,0,0,0.067567568,0,1,0,0,36102169_0_7739454799295072814
0,1,0,0,0,0,1,0,0,37541068_1_1156932518917623732
0,1,103,0,0,0,2.022222222,0.045454545,1,37541068_1_1156932518917623732
0,1,0,0,0,0,1,0,0,37541068_1_1156932518917623732
0,1,0,0,0,0,1,0,0,37541068_1_1156932518917623732
0,1,0,0,0,0,1,0,0,37541068_1_1156932518917623732
0,1,0,0,0,0,1,0,0,37541068_1_1156932518917623732
0,1,3,0,0,5,2,0,0,37541068_1_1156932518917623732
0,1,0,0,0.019607843,0,1,0,0,37815699_0_8391788584341609964
0,1,82,0,0.019607843,0,2.058823529,0.336245389,1,37815699_0_8391788584341609964
0,1,0,0,0.019607843,0,1.588235294,0,0,37815699_0_8391788584341609964
0,1,11,0,0.107843137,2,1.754901961,1.023199379,0,37815699_0_8391788584341609964
0,1,55,0,0,0,1.402173913,0.442411067,1,37856682_0_6818907050314633217
0,1,0,0,0,0,1,0,0,37856682_0_6818907050314633217
0,1,0,0,0.916666667,0,1.355072464,0,0,37856682_0_6818907050314633217
0,1,0,0,0,0,1,0,0,38428277_0_1311643810102462607
0,1,111,0,0,0,2.654867257,0.741150442,1,38428277_0_1311643810102462607
0,1,0,0,0,0,1,0,0,38428277_0_1311643810102462607
0,1,73,0,0,2,2.159292035,0.156289507,0,38428277_0_1311643810102462607
0,1,0,0,0,0,1,0,0,38428277_0_1311643810102462607
0,1,25,0,0,0,1.090909091,0.090909091,1,38732532_0_1420803645394505878
0,1,0,0,0,0,3,0,0,38732532_0_1420803645394505878
0,1,0,0,0,0,8.181818182,0,0,38732532_0_1420803645394505878
0,1,21,0,0,0,1.26875,0.254677673,1,3887681_0_7938589465814037992
0,1,0,0,0,0,2,0,0,3887681_0_7938589465814037992
0,1,0,0,0,0,1,0,0,3887681_0_7938589465814037992
0,1,0,0,0,0,1,0,0,3887681_0_7938589465814037992
0,1,7,0,0.0125,4,2.975,0.012421384,0,3887681_0_7938589465814037992
0,1,4,0,0,5,1.1,0.087696541,0,3887681_0_7938589465814037992
0,1,0,0,0,0,1,0,0,39107734_2_2329160387535788734
0,1,75,0,0,0,3.42,0.738367347,1,39107734_2_2329160387535788734
0,1,47,0,0,1,4.32,1.879183673,0,39107734_2_2329160387535788734
0,1,0,0,0,2,1,0,0,39107734_2_2329160387535788734
0,1,0,0,0,0,1,0,0,39107734_2_2329160387535788734
0,1,0,0,0.12,0,1,0,0,39107734_2_2329160387535788734
0,1,0,0,0,0,1,0,0,39107734_2_2329160387535788734
0,1,20,0,0,0,1.440677966,0.444194014,1,3917335_0_7791699395300625164
0,1,22,0,0.004237288,1,1.169491525,0.16334295,0,3917335_0_7791699395300625164
0,1,0,0,0,0,1,0,0,3917335_0_7791699395300625164
0,1,0,0,0,0,1,0,0,3917335_0_7791699395300625164
0,1,0,0,0,0,1,0,0,39173938_0_7916056990138658530
0,1,261,0,0,0,2.89,0.833434343,1,39173938_0_7916056990138658530
0,1,0,0,0,0,1,0,0,39173938_0_7916056990138658530
0,1,102,0,0,2,2.26,0.377676768,0,39173938_0_7916056990138658530
0,1,0,0,0,0,1,0,0,39173938_0_7916056990138658530
0,1,57,0,0,0,1.875,0.125,1,39606331_0_1646213676302448706
0,1,0,0,0,0,1,0,0,39606331_0_1646213676302448706
0,1,0,0,0,0,1,0,0,39606331_0_1646213676302448706
0,1,0,0,0,0,1,0,0,39606331_0_1646213676302448706
0,1,0,0,0,0,1,0,0,3962429_0_3452614694863053249
0,1,123,0,0,0,4.272727273,1.690909091,1,3962429_0_3452614694863053249
0,1,79,0,0,1,7.181818182,0.163636364,0,3962429_0_3452614694863053249
0,1,0,0,0,0,2,0,0,3962429_0_3452614694863053249
0,1,42,0,0,3,2.727272727,0.818181818,0,3962429_0_3452614694863053249
0,1,0,0,0,0,2,0,0,3962429_0_3452614694863053249
0,1,0,0,0,0,1,0,0,39650055_5_7135804139753401681
0,1,73,0,0,0,1.14,0.121616162,1,39650055_5_7135804139753401681
0,1,0,0,0,0,1,0,0,39650055_5_7135804139753401681
0,1,16,0,0,2,1.07,0.056969697,0,39650055_5_7135804139753401681
0,1,0,0,0,0,1,0,0,39759273_0_1427898308030295194
0,1,55,0,0,0,3.1,1.379393939,1,39759273_0_1427898308030295194
0,1,0,0,0,0,1,0,0,39759273_0_1427898308030295194
0,1,53,0,0,2,2.07,0.085959596,0,39759273_0_1427898308030295194
0,1,0,0,0,0,1,0,0,39759273_0_1427898308030295194
0,1,0,0,0,0,1,0,0,39759273_0_1427898308030295194
0,1,0,0,0,0,1,0,0,40534006_0_4617468856744635526
0,1,103,0,0,0,2.051282051,0.157894737,1,40534006_0_4617468856744635526
0,1,0,0,0,0,1,0,0,40534006_0_4617468856744635526
0,1,0,0,0,0,1,0,0,40534006_0_4617468856744635526
0,1,0,0,1,0,1,0,0,40844462_1_6230938203735169234
0,1,76,0,0.004166667,0,2.675,0.632479079,1,40844462_1_6230938203735169234
0,1,0,0,0.004166667,0,1,0,0,40844462_1_6230938203735169234
0,1,57,0,0.004166667,2,2.058333333,0.069717573,0,40844462_1_6230938203735169234
0,1,0,0,0.004166667,0,1,0,0,40844462_1_6230938203735169234
0,1,0,0,0,0,1,0,0,41194422_0_7231546114369966811
0,1,39,0,0,0,1.586956522,0.591399279,1,41194422_0_7231546114369966811
0,1,0,0,0,0,1,0,0,41194422_0_7231546114369966811
0,1,0,0,0,0,1,0,0,41194422_1_1172256090552737974
0,1,39,0,0,0,1.586956522,0.591399279,1,41194422_1_1172256090552737974
0,1,0,0,0,0,1,0,0,41194422_1_1172256090552737974
0,1,180,0,0,0,1.739130435,0.339920949,1,41336118_0_4331895026409635103
0,1,73,0,0,1,1.608695652,0.249011858,0,41336118_0_4331895026409635103
0,1,45,0,0,2,2.782608696,0.723320158,0,41336118_0_4331895026409635103
0,1,0,0,0,0,1,0,0,41336118_0_4331895026409635103
0,1,0,0,0,0,1,0,0,41336118_0_4331895026409635103
0,1,0,0,0,0,1,0,0,41336118_0_4331895026409635103
0,1,0,0,0,0,1,0,0,41336118_0_4331895026409635103
0,1,52,0,0,0,2.352678571,0.382266976,1,41480166_0_6681239260286218499
0,1,0,0,0,0,1,0,0,41480166_0_6681239260286218499
0,1,0,0,0,0,1,0,0,41480166_0_6681239260286218499
0,1,0,0,0,0,1,0,0,41480166_0_6681239260286218499
0,1,985,0,0,4,1,0,0,41480166_0_6681239260286218499
0,1,0,0,0,0,1,0,0,41480166_0_6681239260286218499
0,1,0,0,0,0,1.098901099,0,1,41648740_0_6959523681065295632
0,1,0,0,0,0,1,0,0,41648740_0_6959523681065295632
0,1,0,0,0,0,1,0,0,41648740_0_6959523681065295632
0,1,0,0,0,0,1,0,0,41648740_0_6959523681065295632
0,1,0,0,0,0,1,0,0,41648740_0_6959523681065295632
0,1,0,0,0,0,1,0,0,41648740_0_6959523681065295632
0,1,0,0,0,0,1,0,0,41648740_0_6959523681065295632
0,1,0,0,0,0,1,0,0,41648740_0_6959523681065295632
0,1,69,0,0,0,2.266666667,0.123809524,1,41819807_0_3139249984404131679
0,1,0,0,0,1,1.066666667,0.066666667,0,41819807_0_3139249984404131679
0,1,0,0,0,0,1,0,0,41819807_0_3139249984404131679
0,1,0,0,0,0,1.19047619,0,0,41839679_0_3009344178474568371
0,1,38,0,0.023809524,0,1.714285714,0.743902439,1,41839679_0_3009344178474568371
0,1,110,0,0.023809524,1,2.047619048,0.555749129,0,41839679_0_3009344178474568371
0,1,0,0,0.023809524,0,1,0,0,41839679_0_3009344178474568371
0,1,60,0,0,0,2.222222222,0.194444444,1,42764224_0_515744189130384109
0,1,0,0,0.111111111,0,1,0,0,42764224_0_515744189130384109
0,1,0,0,0,0,1,0,0,42764224_0_515744189130384109
0,1,0,0,0,0,1,0,0,42764224_0_515744189130384109
0,1,0,0,0.822222222,0,1.155555556,0,0,43226272_0_5995103035300388365
0,1,116,0,0.022222222,0,3.222222222,0.771144279,1,43226272_0_5995103035300388365
0,1,28,0,0.059259259,1,1.125925926,0.168933112,0,43226272_0_5995103035300388365
0,1,126,0,0,0,2.692307692,0.461538462,1,43237185_1_3636357855502246981
0,1,0,0,0,0,1,0,0,43237185_1_3636357855502246981
0,1,28,0,0,2,2.076923077,0.393846154,0,43237185_1_3636357855502246981
0,1,69,0,0,3,2.730769231,0.886153846,0,43237185_1_3636357855502246981
0,1,49,0,0,4,6.5,29.84,0,43237185_1_3636357855502246981
0,1,0,0,0,0,1,0,0,43469354_0_6029017163991310319
0,1,45,0,0,0,1.173333333,0.238210291,1,43469354_0_6029017163991310319
0,1,85,0,0,1,1.086666667,0.079686801,0,43469354_0_6029017163991310319
0,1,0,0,0,0,1,0,0,43469354_0_6029017163991310319
0,1,0,0,0.12,0,1,0,0,43469354_0_6029017163991310319
0,1,485,0,0,4,2.226666667,0.362416107,0,43469354_0_6029017163991310319
0,1,57,0,0,0,1.875,0.125,1,44005578_0_5400481538370055338
0,1,0,0,0,0,1,0,0,44005578_0_5400481538370055338
0,1,0,0,0.125,0,1,0,0,44005578_0_5400481538370055338
0,1,0,0,0,0,1,0,0,44005578_0_5400481538370055338
0,1,0,0,0.561797753,0,1,0,0,44206774_0_3810538885942465703
0,1,72,0,0,0,2.011235955,0.011235955,1,44206774_0_3810538885942465703
0,1,0,0,0,0,1,0,0,44206774_0_3810538885942465703
0,1,0,0,0,0,1,0,0,44206774_0_3810538885942465703
0,1,0,0,0,0,1,0,0,44206774_0_3810538885942465703
0,1,0,0,0,0,1,0,0,44206774_0_3810538885942465703
0,1,0,0,0,0,1,0,0,4444204_0_951426790527152756
0,1,32,0,0,0,1.194444444,0.196261682,1,4444204_0_951426790527152756
0,1,24,0,0,1,1.055555556,0.052959502,0,4444204_0_951426790527152756
0,1,0,0,0,0,1,0,0,4444204_0_951426790527152756
0,1,0,0,0.12962963,0,1,0,0,4444204_0_951426790527152756
0,1,23,0,0,4,2.175925926,0.706818969,0,4444204_0_951426790527152756
0,1,0,0,0,0,1,0,0,4501311_8_8306082458935575308
0,1,103,0,0,0,4,1.566666667,1,4501311_8_8306082458935575308
0,1,2,0,0,1,1.5,0.277777778,0,4501311_8_8306082458935575308
0,1,14,0,0,2,1,0,0,4501311_8_8306082458935575308
0,1,0,0,0,0,1,0,0,45073662_0_3179937335063201739
0,1,70,0,0,0,2.111111111,0.071225071,1,45073662_0_3179937335063201739
0,1,0,0,0,0,1,0,0,45073662_0_3179937335063201739
0,1,77,0,0,0,2,0.166666667,1,45533669_1_7463037039059239824
0,1,38,0,0,1,2,0.166666667,0,45533669_1_7463037039059239824
0,1,26,0,0,2,1,0,0,45533669_1_7463037039059239824
0,1,0,0,0,0,1,0,0,46646666_0_5802598112171303204
0,1,0,0,0,0,2,0,0,46646666_0_5802598112171303204
0,1,222,0,0,0,2.333333333,2.99047619,1,46646666_0_5802598112171303204
0,1,563,0,0,0,3.266304348,1.329056783,1,46671561_0_6122315295162029872
0,1,20,0,0,1,1.141304348,0.182347351,0,46671561_0_6122315295162029872
0,1,58,0,0,2,1,0,0,46671561_0_6122315295162029872
0,1,0,0,0,0,1.125,0,0,46671561_0_6122315295162029872
0,1,0,0,0,0,1.108108108,0,0,4730513_0_8573199053866072336
0,1,49,0,0,0,1.972972973,0.40990991,1,4730513_0_8573199053866072336
0,1,0,0,0,0,19.89189189,0,0,4730513_0_8573199053866072336
0,1,464,0,0,0,3.659313725,1.731729055,1,47709681_0_4437772923903322343
0,1,28,0,0,1,1,0.026298357,0,47709681_0_4437772923903322343
0,1,0,0,0.382352941,0,1,0,0,47709681_0_4437772923903322343
0,1,0,0,0,0,1,0,0,47709681_0_4437772923903322343
0,1,56,0,0,0,2.053140097,0.271028529,1,48456557_0_3760853481322708783
0,1,38,0,0,1,2.118357488,0.104601654,0,48456557_0_3760853481322708783
0,1,10,0,0,2,1,0,0,48456557_0_3760853481322708783
0,1,21,0,0,0,2.59009009,0.238820268,1,48805028_0_8933391169600128370
0,1,0,0,0,0,1,0,0,48805028_0_8933391169600128370
0,1,48,0,0.157657658,2,1,0.133402633,0,48805028_0_8933391169600128370
0,1,0,0,0.193693694,3,1,0.156883127,0,48805028_0_8933391169600128370
0,1,0,0,0.297297297,4,1,0.209856916,0,48805028_0_8933391169600128370
0,1,0,0,1,0,1,0,0,48944826_0_2321751364268052533
0,1,0,0,0.931623932,0,1,0,0,48944826_0_2321751364268052533
0,1,267,0,0,0,3.692307692,1.481137636,1,48944826_0_2321751364268052533
0,1,10,0,0,1,1.111111111,0.056734453,0,48944826_0_2321751364268052533
0,1,0,0,0,0,1,0,0,48944826_0_2321751364268052533
0,1,0,0,0.846153846,0,1.495726496,0,0,48944826_0_2321751364268052533
0,1,0,0,0.991452991,0,1,0,0,48944826_0_2321751364268052533
0,1,27,0,0,5,1.675213675,0,0,48944826_0_2321751364268052533
0,1,28,0,0.024390244,0,1.390243902,0.651219512,1,49087820_0_461228320225084868
0,1,35,0,0,1,1.707317073,0.530487805,0,49087820_0_461228320225084868
0,1,0,0,0,0,1,0,0,49087820_0_461228320225084868
0,1,0,0,0,0,1,0,0,49087820_0_461228320225084868
0,1,0,0,0.292682927,0,1.024390244,0,0,49087820_0_461228320225084868
0,1,0,0,0.048780488,0,2.195121951,0,0,49087820_0_461228320225084868
0,1,0,0,0,0,1,0,0,49772588_0_6549847739640234347
0,1,0,0,0,0,1,0,0,49772588_0_6549847739640234347
0,1,0,0,0.050955414,0,1,0,0,49772588_0_6549847739640234347
0,1,0,0,0.050955414,0,1,0,0,49772588_0_6549847739640234347
0,1,15,0,0,0,1.23566879,0.214600686,1,49772588_0_6549847739640234347
0,1,0,0,0,0,1,0,0,49772588_0_6549847739640234347
0,1,0,0,0.006369427,0,1,0,0,49772588_0_6549847739640234347
0,1,0,0,0.006369427,0,1,0,0,49772588_0_6549847739640234347
0,1,0,0,0,0,1,0,0,49772588_0_6549847739640234347
0,1,0,0,0.382165605,0,1,0,0,49772588_0_6549847739640234347
0,1,0,0,0,0,1,0,0,49772588_0_6549847739640234347
0,1,0,0,0,0,1,0,0,49772588_0_6549847739640234347
0,1,0,0,0,0,1,0,0,49772588_0_6549847739640234347
0,1,51,0,0,0,2,0.387096774,1,49801939_0_6964113429298874283
0,1,0,0,0,0,1,0,0,49801939_0_6964113429298874283
0,1,5,0,0,2,1,0,0,49801939_0_6964113429298874283
0,1,9,0,0,3,2.90625,0,0,49801939_0_6964113429298874283
0,1,168,0,0,0,3.563139932,1.294053018,1,50245608_0_871275842592178099
0,1,0,0,0,0,1,0,0,50245608_0_871275842592178099
0,1,0,0,0,0,1,0,0,50245608_0_871275842592178099
0,1,46,0,0,3,2.068259386,0.071555472,0,50245608_0_871275842592178099
0,1,64,0,0.037542662,4,2.078498294,0.256276591,0,50245608_0_871275842592178099
0,1,0,0,0.020477816,0,1,0,0,50245608_0_871275842592178099
0,1,3,0,0,6,1,0.060849035,0,50245608_0_871275842592178099
0,1,0,0,0.43452381,0,1,0,0,50270082_0_444360818941411589
0,1,72,0,0,0,2.035714286,0.029904477,1,50270082_0_444360818941411589
0,1,0,0,0,0,1,0,0,50270082_0_444360818941411589
0,1,24,0,0,0,1.538461538,0.347741148,1,51130304_0_3035822254995425429
0,1,0,0,0,0,4.725274725,0,0,51130304_0_3035822254995425429
0,1,0,0,0,0,5.197802198,0,0,51130304_0_3035822254995425429
0,1,0,0,0,0,15.12087912,0,0,51130304_0_3035822254995425429
0,1,5,0,0,4,6.835164835,8.228083028,0,51130304_0_3035822254995425429
0,1,0,0,0,0,2,0,0,51741865_0_9203644246202164492
0,1,139,0,0,0,3.277777778,0.571428571,0,51741865_0_9203644246202164492
0,1,22,0,0,1,1.694444444,0.275396825,0,51741865_0_9203644246202164492
0,1,352,0,0,2,6.694444444,0.511111111,1,51741865_0_9203644246202164492
0,1,0,0,0,0,2.055555556,0,0,51741865_0_9203644246202164492
0,1,0,0,0,0,1,0,0,52208141_2_5171684379987586712
0,1,356,0,0,0,3.15,0.642105263,1,52208141_2_5171684379987586712
0,1,100,0,0,1,1.5,0.263157895,0,52208141_2_5171684379987586712
0,1,0,0,0,0,1,0,0,52208141_2_5171684379987586712
0,1,0,0,0,0,1,0,0,52299421_0_4473286348258170200
0,1,41,0,0,0,1.195652174,0.122670807,1,52299421_0_4473286348258170200
0,1,0,0,0,0,1,0,0,52299421_0_4473286348258170200
0,1,0,0,0,0,1,0,0,52299421_0_4473286348258170200
0,1,0,0,0,0,1,0,0,52299421_0_4473286348258170200
0,1,0,0,0,0,1,0,0,52299421_0_4473286348258170200
0,1,0,0,0,0,1,0,0,52299421_0_4473286348258170200
0,1,0,0,0,0,1,0,0,52299421_0_4473286348258170200
0,1,0,0,0,0,1,0,0,52299421_0_4473286348258170200
0,1,49,0,0,0,1.763636364,0.48956229,1,52572391_0_8684896999787304275
0,1,0,0,0,1,2.690909091,1.106397306,0,52572391_0_8684896999787304275
0,1,0,0,0,0,1,0,0,52572391_0_8684896999787304275
0,1,0,0,0,0,3,0,0,53583534_0_503521622577229691
0,1,95,0,0,0,2.416666667,0.386363636,1,53583534_0_503521622577229691
0,1,40,0,0,1,2.25,0.931818182,0,53583534_0_503521622577229691
0,1,0,0,0,0,1,0,0,53583534_0_503521622577229691
0,1,0,0,0,0,2,0,0,53583534_0_503521622577229691
0,1,0,0,0.002325581,0,1,0,0,53822652_0_5767892317858575530
0,1,39,0,0.002325581,0,2.613953488,0.871122676,1,53822652_0_5767892317858575530
0,1,0,0,0.002325581,0,1,0,0,53822652_0_5767892317858575530
0,1,20,0,0.002325581,2,2.379069767,3.562470862,0,53822652_0_5767892317858575530
0,1,42,0,0,0,2.807692308,0.764615385,1,53989675_0_8697482470743954630
0,1,14,0,0,1,1,0,0,53989675_0_8697482470743954630
0,1,0,0,0,0,1,0,0,53989675_0_8697482470743954630
0,1,50,0,0.038461538,3,1,0.204615385,0,53989675_0_8697482470743954630
0,1,0,0,0.038461538,0,1,0,0,53989675_0_8697482470743954630
0,1,0,0,0,0,2.4,0.252631579,1,54112392_0_160015365721559357
0,1,0,0,0,1,1.8,1.221052632,0,54112392_0_160015365721559357
0,1,0,0,0,2,3,0.05,0,54112392_0_160015365721559357
0,1,0,0,0.008064516,0,1,0,0,54719588_0_8417197176086756912
0,1,0,0,0.008064516,0,1,0,0,54719588_0_8417197176086756912
0,1,0,0,0.326612903,0,1,0,0,54719588_0_8417197176086756912
0,1,119,0,0.008064516,0,2.483870968,0.84047277,1,54719588_0_8417197176086756912
0,1,0,0,0.004032258,0,1.016129032,0,0,54719588_0_8417197176086756912
0,1,32,0,0.004032258,2,1.02016129,0.024030299,0,54719588_0_8417197176086756912
0,1,0,0,0.004032258,0,1,0,0,54719588_0_8417197176086756912
0,1,17,0,0.032258065,4,1,0.205155413,0,54719588_0_8417197176086756912
0,1,0,0,0.85483871,0,1,0,0,54719588_0_8417197176086756912
0,1,0,0,0.991935484,0,1.004032258,0,0,54719588_0_8417197176086756912
0,1,0,0,0.85483871,0,1,0,0,54719588_0_8417197176086756912
0,1,0,0,0.149193548,0,1,0,0,54719588_0_8417197176086756912
0,1,0,0,0.935483871,0,1,0,0,54719588_0_8417197176086756912
0,1,0,0,0.939516129,0,1,0,0,54719588_0_8417197176086756912
0,1,211,0,0.004524887,0,2.529411765,0.517400247,1,54773498_0_4341462266113591159
0,1,77,0,0.004524887,1,1.574660633,0.428630193,0,54773498_0_4341462266113591159
0,1,21,0,0.004524887,2,1.131221719,0.120238585,0,54773498_0_4341462266113591159
0,1,0,0,0.004524887,0,1,0,0,54773498_0_4341462266113591159
0,1,0,0,0.009049774,0,1,0,0,54773498_0_4341462266113591159
0,1,0,0,0.488687783,0,1.235294118,0,0,54773498_0_4341462266113591159
0,1,54,0,0,0,1.176470588,0.110294118,1,55004961_0_2904467548072189860
0,1,42,0,0,1,1.294117647,0.345588235,0,55004961_0_2904467548072189860
0,1,40,0,0,2,3,0,0,55004961_0_2904467548072189860
0,1,62,0,0,0,1.857142857,0.131868132,1,55027702_0_628532586316851176
0,1,0,0,0,0,2,0,0,55027702_0_628532586316851176
0,1,0,0,0.214285714,0,1.785714286,0,0,55027702_0_628532586316851176
0,1,40,0,0,0,1.625,0.695652174,1,55238374_0_3379409961751009152
0,1,8,0,0,1,2.125,4.057971014,0,55238374_0_3379409961751009152
0,1,44,0,0,2,3.625,0.695652174,0,55238374_0_3379409961751009152
0,1,70,0,0,0,1.659090909,0.479915433,1,55961337_0_6548713781034932742
0,1,105,0,0,1,2.045454545,0.509513742,1,55961337_0_6548713781034932742
0,1,0,0,0,0,1,0,0,55961337_0_6548713781034932742
0,1,0,0,0,0,1,0,0,55961337_0_6548713781034932742
0,1,0,0,0.159090909,0,1.113636364,0,0,55961337_0_6548713781034932742
0,1,0,0,0.022727273,0,2.113636364,0,0,55961337_0_6548713781034932742
0,1,0,0,0,0,1,0,0,56224555_0_3713922722778385817
0,1,267,0,0,0,1.86,0.472222222,1,56224555_0_3713922722778385817
0,1,32,0,0,1,1.41,0.244343434,0,56224555_0_3713922722778385817
0,1,22,0,0,2,2.01,0.700909091,0,56224555_0_3713922722778385817
0,1,0,0,0,0,1,0,0,56224555_0_3713922722778385817
0,1,0,0,0,0,1,0,0,56224555_0_3713922722778385817
0,1,0,0,0,0,1,0,0,56224555_0_3713922722778385817
0,1,0,0,0,0,1,0,0,56224555_0_3713922722778385817
0,1,0,0,0,0,1,0,0,57938705_0_8737506792349461963
0,1,124,0,0,0,4,1.699607843,1,57938705_0_8737506792349461963
0,1,0,0,0,0,1,0,0,57938705_0_8737506792349461963
0,1,0,0,0,0,1,0,0,57938705_0_8737506792349461963
0,1,13,0,0,3,1,0,0,57938705_0_8737506792349461963
0,1,29,0,0,4,1.215686275,0.33254902,0,57938705_0_8737506792349461963
0,1,0,0,0.019607843,0,1,0,0,57938705_0_8737506792349461963
0,1,0,0,0.019607843,0,1,0,0,57938705_0_8737506792349461963
0,1,0,0,0.019607843,0,1,0,0,57938705_0_8737506792349461963
0,1,0,0,0.019607843,0,1,0,0,57938705_0_8737506792349461963
0,1,0,0,0.019607843,0,1,0,0,57938705_0_8737506792349461963
0,1,0,0,0,0,1,0,1,5873256_0_7795190905731964989
0,1,0,0,0,0,1.918699187,0.478579725,0,5873256_0_7795190905731964989
0,1,0,0,0,1,1,0,0,5873256_0_7795190905731964989
0,1,0,0,0,2,1,0,0,5873256_0_7795190905731964989
0,1,0,0,0,0,1,0,0,58891288_0_1117541047012405958
0,1,63,0,0,0,2.82,0.95959596,1,58891288_0_1117541047012405958
0,1,0,0,0,0,1,0,0,58891288_0_1117541047012405958
0,1,44,0,0,2,2.11,0.102929293,0,58891288_0_1117541047012405958
0,1,0,0,0,0,1,0,0,58891288_0_1117541047012405958
0,1,78,0,0,0,3.529411765,1.632352941,1,5972322_0_3150366936082777235
0,1,0,0,0,0,1,0,0,5972322_0_3150366936082777235
0,1,0,0,0,0,1,0,0,5972322_0_3150366936082777235
0,1,0,0,0,0,1,0,0,5972322_0_3150366936082777235
0,1,28,0,0,0,2.021276596,0.629972248,0,60319454_0_3938426910282115527
0,1,40,0,0,1,2.255319149,0.368177613,1,60319454_0_3938426910282115527
0,1,8,0,0,2,1.638297872,0.453283996,0,60319454_0_3938426910282115527
0,1,55,0,0,0,1.446808511,0.577243293,1,61069974_0_1894536874590565102
0,1,29,0,0,1,1.744680851,0.411655874,0,61069974_0_1894536874590565102
0,1,0,0,0,0,1,0,0,61069974_0_1894536874590565102
0,1,0,0,0,0,1,0,0,61069974_0_1894536874590565102
0,1,0,0,0.127659574,0,1.127659574,0,0,61069974_0_1894536874590565102
0,1,0,0,0.021276596,0,1.978723404,0,0,61069974_0_1894536874590565102
0,1,67,0,0,0,1.52,0.573333333,1,61121469_0_6337620713408906340
0,1,15,0,0,1,1.52,0.99,0,61121469_0_6337620713408906340
0,1,78,0,0,2,3.48,0.573333333,0,61121469_0_6337620713408906340
0,1,0,0,1,0,1,0,0,61626303_0_266372209664087642
0,1,154,0,0,0,2.155555556,0.946464646,1,61626303_0_266372209664087642
0,1,0,0,0,0,2,0,0,61626303_0_266372209664087642
0,1,0,0,0,0,1,0,0,61626303_0_266372209664087642
0,1,0,0,0,0,1,0,0,61626303_0_266372209664087642
0,1,12,0,0,4,1,0,0,61626303_0_266372209664087642
0,1,0,0,0,0,1,0,0,61753761_9_4735181228515289890
0,1,256,0,0,0,3.15,0.642105263,1,61753761_9_4735181228515289890
0,1,42,0,0,1,1.5,0.263157895,0,61753761_9_4735181228515289890
0,1,0,0,0,0,1,0,0,61753761_9_4735181228515289890
0,1,0,0,0.65,0,1,0,0,61753761_9_4735181228515289890
0,1,8,0,0,0,1.058394161,0.070094461,1,62564020_0_3836030043284699244
0,1,6,0,0.145985401,1,1.087591241,0.290682696,0,62564020_0_3836030043284699244
0,1,6,0,0.145985401,2,1.145985401,0.647058824,0,62564020_0_3836030043284699244
0,1,7,0,0.02189781,3,1.642335766,1.76996565,0,62564020_0_3836030043284699244
0,1,11,0,0.087591241,4,2.671532847,4.79572778,0,62564020_0_3836030043284699244
0,1,0,0,0.788321168,0,1,0,0,62564020_0_3836030043284699244
0,1,32,0,0,0,1.282442748,0.237036062,1,63389809_0_8179819543692215824
0,1,19,0,0,1,1.229007634,0.147933667,0,63389809_0_8179819543692215824
0,1,0,0,0,0,1.015267176,0,0,63389809_0_8179819543692215824
0,1,0,0,0.812977099,0,1.221374046,0,0,63389809_0_8179819543692215824
0,1,0,0,0,0,1,0,0,63450419_0_8012592961815711786
0,1,58,0,0,0,2.091370558,0.175282296,1,63450419_0_8012592961815711786
0,1,42,0,0,1,1.944162437,0.185641769,0,63450419_0_8012592961815711786
0,1,54,0,0,0,2.08,0.18020202,1,64092785_0_4696367782987533337
0,1,26,0,0,1,2.34,0.263737374,0,64092785_0_4696367782987533337
0,1,0,0,0,0,1,0,0,64092785_0_4696367782987533337
0,1,80,0,0,0,1.583333333,0.414064307,1,64207896_0_3206705146602325658
0,1,19,0,0.007575758,1,1.454545455,0.383067314,0,64207896_0_3206705146602325658
0,1,0,0,0,0,3.696969697,0,0,64207896_0_3206705146602325658
0,1,0,0,1,0,1,0,0,64207896_0_3206705146602325658
0,1,0,0,0,0,1,0,0,64499281_8_7181683886563136802
0,1,256,0,0,0,3.15,0.642105263,1,64499281_8_7181683886563136802
0,1,42,0,0,1,1.5,0.263157895,0,64499281_8_7181683886563136802
0,1,0,0,0,0,1,0,0,64499281_8_7181683886563136802
0,1,72,0,0,0,3.846153846,2.030769231,1,64734047_0_5880705307495695536
0,1,0,0,0,0,1,0,0,64734047_0_5880705307495695536
0,1,0,0,0,0,1,0,0,64734047_0_5880705307495695536
0,1,369,0,0,0,2.012931034,0.017241379,1,66009064_0_9148652238372261251
0,1,19,0,0,1,1,0,0,66009064_0_9148652238372261251
0,1,76,0,0,2,1.125,0.109848485,0,66009064_0_9148652238372261251
0,1,0,0,0,0,1,0,0,66009064_0_9148652238372261251
0,1,0,0,0,0,1,0,0,66009064_0_9148652238372261251
0,1,0,0,0,0,1,0,0,66009064_0_9148652238372261251
0,1,0,0,0,0,1.022727273,0,0,66329615_0_3585856495110277641
0,1,1311,0,0,0,2.818181818,1.710359408,1,66329615_0_3585856495110277641
0,1,154,0,0,1,2.613636364,2.07346723,0,66329615_0_3585856495110277641
0,1,258,0,0,2,1.818181818,0.598308668,0,66329615_0_3585856495110277641
0,1,0,0,0,0,34.81818182,0,0,66329615_0_3585856495110277641
0,1,0,0,0,0,1,0,0,67865873_0_8259587610208037357
0,1,17,0,0,0,1.457777778,0.533849206,0,67865873_0_8259587610208037357
0,1,0,0,0.062222222,0,1,0,0,67865873_0_8259587610208037357
0,1,0,0,0.062222222,0,1,0,0,67865873_0_8259587610208037357
0,1,0,0,0,0,1,0,0,67865873_0_8259587610208037357
0,1,64,0,0,4,4.457777778,0.533849206,1,67865873_0_8259587610208037357
0,1,40,0,0,0,2.56,0.676666667,0,68442591_0_8506821153001360777
0,1,47,0,0,1,4.4,0.506666667,1,68442591_0_8506821153001360777
0,1,0,0,0.88,0,1,0,0,68442591_0_8506821153001360777
0,1,0,0,0.68,0,1,0,0,68442591_0_8506821153001360777
0,1,0,0,0.68,0,1,0,0,68442591_0_8506821153001360777
0,1,5,0,0.4,5,1,0.25,0,68442591_0_8506821153001360777
0,1,0,0,0.4,6,1,0.25,0,68442591_0_8506821153001360777
0,1,0,0,0,0,1,0,0,6869358_0_1379459120563510331
0,1,61,0,0,0,2.8,0.543333333,1,6869358_0_1379459120563510331
0,1,0,0,0,0,1.04,0,0,6869358_0_1379459120563510331
0,1,97,0,0,2,2.18,0.216565657,0,6869358_0_1379459120563510331
0,1,41,0,0.21,3,1.53,1.072323232,0,6869358_0_1379459120563510331
0,1,126,0,0,0,1.152542373,0.119228521,1,68779923_0_3859283110041832023
0,1,0,0,0.169491525,0,1.084745763,0,0,68779923_0_3859283110041832023
0,1,0,0,0.593220339,0,1.779661017,0,0,68779923_0_3859283110041832023
0,1,64,0,0.016949153,3,1.13559322,0.209818819,0,68779923_0_3859283110041832023
0,1,48,0,0,4,1.372881356,0.272355348,0,68779923_0_3859283110041832023
0,1,65,0,0.101694915,5,1.610169492,1.012857978,0,68779923_0_3859283110041832023
0,1,8,0,0,0,1.288888889,0.437373737,0,68779923_1_3240042497463101224
0,1,1865,0,0.044444444,1,1.155555556,0.043434343,1,68779923_1_3240042497463101224
0,1,0,0,0.4,2,1.733333333,2.082828283,0,68779923_1_3240042497463101224
0,1,2,0,0,3,1.244444444,0.234343434,0,68779923_1_3240042497463101224
0,1,1,0,0.044444444,4,1.911111111,0.785858586,0,68779923_1_3240042497463101224
0,1,5,0,0.022222222,5,2.733333333,8.219191919,0,68779923_1_3240042497463101224
0,1,26,0,0,0,1.236363636,0.247811448,1,68779923_2_1000046510804975562
0,1,0,0,0.381818182,0,1,0,0,68779923_2_1000046510804975562
0,1,0,0,0.6,0,1.236363636,0,0,68779923_2_1000046510804975562
0,1,1,0,0,3,1.090909091,0.121212121,0,68779923_2_1000046510804975562
0,1,2,0,0.072727273,4,1.818181818,0.927946128,0,68779923_2_1000046510804975562
0,1,27,0,0.018181818,5,3.272727273,4.146801347,0,68779923_2_1000046510804975562
0,1,29,0,0,0,1.846153846,0.551956815,1,68779923_4_1832350971585698643
0,1,0,0,0.743589744,0,1,0,0,68779923_4_1832350971585698643
0,1,0,0,0.923076923,0,1.025641026,0,0,68779923_4_1832350971585698643
0,1,33,0,0.076923077,3,1.358974359,0.353576248,0,68779923_4_1832350971585698643
0,1,4,0,0.025641026,4,1.794871795,0.287449393,0,68779923_4_1832350971585698643
0,1,1,0,0.461538462,5,1.564102564,2.252361673,0,68779923_4_1832350971585698643
0,1,34,0,0,0,1.25,0.2,0,68779923_5_2067037721454758189
0,1,0,0,0.375,0,1,0,0,68779923_5_2067037721454758189
0,1,0,0,0.75,0,1.1875,0,0,68779923_5_2067037721454758189
0,1,19,0,0.0625,3,1.125,0.195833333,0,68779923_5_2067037721454758189
0,1,11,0,0,4,1.4375,0.2625,0,68779923_5_2067037721454758189
0,1,57,0,0.125,5,2.125,1.6,1,68779923_5_2067037721454758189
0,1,104,0,0,0,1.611913357,0.466193588,1,69381058_0_984708047398578866
0,1,0,0,0,0,1,0,0,69381058_0_984708047398578866
0,1,28,0,0,2,1.037906137,0.060177176,0,69381058_0_984708047398578866
0,1,37,0,0,3,1.509025271,0.250439023,0,69381058_0_984708047398578866
0,1,0,0,0,0,1,0,0,69537082_0_7789694313271016902
0,1,15,0,0,0,1.418410042,0.384655954,1,69537082_0_7789694313271016902
0,1,0,0,0,0,1,0,0,69537082_0_7789694313271016902
0,1,41,0,0.0041841,2,2.991631799,0.016736402,1,69537082_0_7789694313271016902
0,1,0,0,0,0,1,0,0,69881946_0_1105130426898457358
0,1,86,0,0,0,2.71,0.838282828,1,69881946_0_1105130426898457358
0,1,0,0,0,0,1,0,0,69881946_0_1105130426898457358
0,1,38,0,0,2,2.15,0.163535354,0,69881946_0_1105130426898457358
0,1,0,0,0,0,1,0,0,69881946_0_1105130426898457358
0,1,0,0,0,0,1,0,0,70404164_0_5498195978476333642
0,1,55,0,0,0,1.146341463,0.1536735,1,70404164_0_5498195978476333642
0,1,47,0,0,1,1.06097561,0.057608858,0,70404164_0_5498195978476333642
0,1,0,0,0,0,1,0,0,70404164_0_5498195978476333642
0,1,0,0,0.225609756,0,1,0,0,70404164_0_5498195978476333642
0,1,231,0,0,4,2.018292683,0.533704923,0,70404164_0_5498195978476333642
0,1,60,0,0,0,2.222222222,0.194444444,1,70883081_0_5357790421435123524
0,1,0,0,0.111111111,0,1,0,0,70883081_0_5357790421435123524
0,1,0,0,0,0,1,0,0,70883081_0_5357790421435123524
0,1,0,0,0,0,1,0,0,70883081_0_5357790421435123524
0,1,181,0,0,0,1.964125561,0.079788308,1,71137051_0_8039724067857124984
0,1,112,0,0,1,2,0,0,71137051_0_8039724067857124984
0,1,10,0,0,2,1,0,0,71137051_0_8039724067857124984
0,1,62,0,0,0,1.857142857,0.131868132,1,71840765_0_6664391841933033844
0,1,0,0,0,0,2,0,0,71840765_0_6664391841933033844
0,1,0,0,0.214285714,0,1.785714286,0,0,71840765_0_6664391841933033844
0,1,208,0,0,0,2.85,0.513157895,1,72017594_0_7055198579167316152
0,1,6,0,0,1,1.95,0.05,0,72017594_0_7055198579167316152
0,1,0,0,0,0,1,0,0,72017594_0_7055198579167316152
0,1,0,0,0,0,1,0,0,72017594_0_7055198579167316152
0,1,0,0,0,0,1,0,0,72017594_0_7055198579167316152
0,1,0,0,0,0,1,0,0,73242003_5_4847571983313033360
0,1,492,0,0,0,4.4,0.5,1,73242003_5_4847571983313033360
0,1,25,0,0,1,1.4,0.266666667,0,73242003_5_4847571983313033360
0,1,54,0,0,2,1,0,0,73242003_5_4847571983313033360
0,1,81,0,0,0,2.870786517,1.418476025,1,73988811_0_2775758476756716904
0,1,63,0,0,1,2.230337079,0.401740782,0,73988811_0_2775758476756716904
0,1,0,0,0,0,1,0,0,73988811_0_2775758476756716904
0,1,0,0,1,0,1,0,0,73988811_0_2775758476756716904
0,1,0,0,0,0,1,0,0,73988811_0_2775758476756716904
0,1,3,0,0.033707865,5,1.966292135,0.032663396,0,73988811_0_2775758476756716904
0,1,0,0,0,0,1.54,0.648341709,1,74491133_0_7177831100884797849
0,1,0,0,0.005,1,1.235,0.478291457,0,74491133_0_7177831100884797849
0,1,0,0,0,2,1,0.175251256,0,74491133_0_7177831100884797849
0,1,0,0,0,3,1,0,0,74491133_0_7177831100884797849
0,1,138,0,0,0,2.040441176,0.127509768,1,74685423_0_8061289760697103949
0,1,13,0,0,1,1,0,0,74685423_0_8061289760697103949
0,1,13,0,0,2,1,0,0,74685423_0_8061289760697103949
0,1,0,0,0,0,1,0,0,74685423_0_8061289760697103949
0,1,0,0,0.952205882,0,1.014705882,0,0,74685423_0_8061289760697103949
0,1,0,0,0,0,1,0,0,74718406_0_3914457597478137388
0,1,142,0,0,0,3.394160584,0.518355517,1,74718406_0_3914457597478137388
0,1,30,0,0,1,1.343065693,0.271146415,0,74718406_0_3914457597478137388
0,1,0,0,0,0,1,0,0,74718406_0_3914457597478137388
0,1,0,0,0.005347594,0,1,0,0,75154185_0_1607627349983289012
0,1,27,0,0.005347594,0,1.07486631,0.097291703,1,75154185_0_1607627349983289012
0,1,35,0,0.005347594,1,1.096256684,0.10459433,0,75154185_0_1607627349983289012
0,1,0,0,0.005347594,0,1,0,0,75154185_0_1607627349983289012
0,1,0,0,0.176470588,0,1,0,0,75154185_0_1607627349983289012
0,1,205,0,0.005347594,4,2.032085561,0.65027888,0,75154185_0_1607627349983289012
0,1,0,0,0,0,3.619047619,3.561904762,0,75367212_2_2745466355267233390
0,1,2,0,0,1,1.857142857,1.128571429,1,75367212_2_2745466355267233390
0,1,0,0,0,2,1.095238095,0.09047619,0,75367212_2_2745466355267233390
0,1,0,0,0,3,4,0,0,75367212_2_2745466355267233390
0,1,2,0,0,4,1,0.09047619,0,75367212_2_2745466355267233390
0,1,2,0,0,0,1.267605634,0.237310656,1,76275868_0_4528346580716713695
0,1,0,0,0.061032864,0,1,0,0,76275868_0_4528346580716713695
0,1,0,0,0.075117371,0,1,0,0,76275868_0_4528346580716713695
0,1,0,0,0.061032864,3,1,0.057578173,0,76275868_0_4528346580716713695
0,1,0,0,0.098591549,0,1,0,0,76275868_0_4528346580716713695
0,1,0,0,0.084507042,0,1,0,0,76275868_0_4528346580716713695
0,1,0,0,0.0657277,0,1,0,0,76275868_0_4528346580716713695
0,1,60,0,0,0,2.222222222,0.194444444,1,76373906_0_6904594838446307331
0,1,0,0,0.111111111,0,1,0,0,76373906_0_6904594838446307331
0,1,0,0,0,0,1,0,0,76373906_0_6904594838446307331
0,1,0,0,0,0,1,0,0,76373906_0_6904594838446307331
0,1,66,0,0,0,2.181818182,0.306328592,1,76836443_2_249332777049648171
0,1,0,0,0,0,1.222222222,0,0,76836443_2_249332777049648171
0,1,10,0,0.393939394,2,1.434343434,1.569779427,0,76836443_2_249332777049648171
0,1,0,0,0,0,1,0,0,77632062_0_2292892375652659825
0,1,67,0,0,0,1.241176471,0.319839889,1,77632062_0_2292892375652659825
0,1,28,0,0,1,1.076470588,0.071040724,0,77632062_0_2292892375652659825
0,1,0,0,0,0,1,0,0,77632062_0_2292892375652659825
0,1,0,0,0.247058824,0,1,0,0,77632062_0_2292892375652659825
0,1,150,0,0,4,1.982352941,0.395579534,0,77632062_0_2292892375652659825
0,1,0,0,0,0,1,0,0,77694908_0_6083291340991074532
0,1,67,0,0,0,2.92,0.966060606,1,77694908_0_6083291340991074532
0,1,0,0,0,0,1,0,0,77694908_0_6083291340991074532
0,1,62,0,0,2,2.17,0.154646465,0,77694908_0_6083291340991074532
0,1,0,0,0,0,1,0,0,77694908_0_6083291340991074532
0,1,27,0,0,0,2.642857143,0.725274725,1,78005071_0_8643954006825971723
0,1,20,0,0.071428571,1,2.928571429,0.747252747,0,78005071_0_8643954006825971723
0,1,0,0,0,2,1,0,0,78005071_0_8643954006825971723
0,1,26,0,0,0,1.196969697,0.20049734,1,78650283_0_5937576517849452289
0,1,10,0,0,1,1,0.007575758,0,78650283_0_5937576517849452289
0,1,0,0,0.015151515,0,2,0,0,78650283_0_5937576517849452289
0,1,0,0,0,0,1,0,0,78891639_0_3299957631631122948
0,1,27,0,0,0,1.084158416,0.107309985,1,78891639_0_3299957631631122948
0,1,23,0,0,1,1.054455446,0.051746219,0,78891639_0_3299957631631122948
0,1,0,0,0,0,1,0,0,78891639_0_3299957631631122948
0,1,0,0,0.257425743,0,1,0,0,78891639_0_3299957631631122948
0,1,168,0,0,4,1.900990099,0.497044481,0,78891639_0_3299957631631122948
0,1,0,0,0,0,1,0,0,7929299_0_3253718003116029649
0,1,92,0,0,0,3.394160584,0.518355517,1,7929299_0_3253718003116029649
0,1,27,0,0,1,1.343065693,0.271146415,0,7929299_0_3253718003116029649
0,1,0,0,0,0,1,0,0,7929299_0_3253718003116029649
0,1,0,0,0,0,1,0,0,79327346_0_5787863739697336601
0,1,20,0,0,0,1.628691983,0.640348995,1,79327346_0_5787863739697336601
0,1,22,0,0,1,1.489451477,0.716620182,0,79327346_0_5787863739697336601
0,1,0,0,0.751054852,0,1.05907173,0,0,79327346_0_5787863739697336601
0,1,49,0,0.008264463,0,1.446280992,0.443348994,1,79966524_0_1484492112455633784
0,1,28,0,0.008264463,1,3.421487603,0.699290148,0,79966524_0_1484492112455633784
0,1,4,0,0.103305785,2,1,0.093018072,0,79966524_0_1484492112455633784
0,1,0,0,0.107438017,3,1,0.096292994,0,79966524_0_1484492112455633784
0,1,15,0,0.017241379,0,1.465517241,0.510586812,1,8009320_0_5507755752653817624
0,1,0,0,0,0,1,0,0,8009320_0_5507755752653817624
0,1,0,0,0,0,1,0,0,8009320_0_5507755752653817624
0,1,0,0,0,0,1.017241379,0,0,8009320_0_5507755752653817624
0,1,8,0,0,0,2.1,0.671264368,0,80184932_0_4240003884724905487
0,1,100,0,0,1,2.833333333,0.662068966,1,80184932_0_4240003884724905487
0,1,102,0,0.066666667,2,5.933333333,13.35172414,0,80184932_0_4240003884724905487
0,1,0,0,0.047619048,0,1,0,0,80588006_0_6965325215443683359
0,1,38,0,0,0,1.952380952,0.59047619,1,80588006_0_6965325215443683359
0,1,0,0,0.047619048,0,1,0,0,80588006_0_6965325215443683359
0,1,191,0,0,0,2,0.950604839,1,8286121_0_8471791395229161598
0,1,58,0,0.0625,1,1.59375,1.641129032,0,8286121_0_8471791395229161598
0,1,75,0,0,2,3,0,0,8286121_0_8471791395229161598
0,1,0,0,0,0,1,0,0,84548468_0_5955155464119382182
0,1,111,0,0,0,2.717171717,0.886827458,1,84548468_0_5955155464119382182
0,1,0,0,0,0,1,0,0,84548468_0_5955155464119382182
0,1,93,0,0,2,2.262626263,2.970521542,0,84548468_0_5955155464119382182
0,1,0,0,0,0,1,0,0,84548468_0_5955155464119382182
0,1,0,0,0,0,1,0,0,84575189_0_6365692015941409487
0,1,0,0,0,0,1,0,0,84575189_0_6365692015941409487
0,1,27,0,0.01,0,3.49,1.618080808,1,84575189_0_6365692015941409487
0,1,138,0,0,0,2.040441176,0.127509768,1,84675086_0_6386416780680710863
0,1,13,0,0,1,1,0,0,84675086_0_6386416780680710863
0,1,13,0,0,2,1,0,0,84675086_0_6386416780680710863
0,1,0,0,0,0,1,0,0,84675086_0_6386416780680710863
0,1,0,0,0.952205882,0,1.014705882,0,0,84675086_0_6386416780680710863
0,1,0,0,0,0,1,0,0,8468806_0_4382447409703007384
0,1,0,0,0,0,1,0,1,8468806_0_4382447409703007384
0,1,0,0,0,1,1.181818182,0.351959967,0,8468806_0_4382447409703007384
0,1,0,0,0,0,1,0,0,8468806_0_4382447409703007384
0,1,0,0,0.445454545,0,1,0,0,8468806_0_4382447409703007384
0,1,0,0,0.463636364,0,1.009090909,0,0,8468806_0_4382447409703007384
0,1,0,0,0.709090909,0,1,0,0,8468806_0_4382447409703007384
0,1,0,0,0,0,1.253731343,0.189054726,1,86297395_0_6919201319699354263
0,1,0,0,0,0,1,0,0,86297395_0_6919201319699354263
0,1,0,0,0,0,1,0,0,86297395_0_6919201319699354263
0,1,0,0,0,0,1,0,0,86297395_0_6919201319699354263
0,1,0,0,0,0,1,0,0,86297395_0_6919201319699354263
0,1,0,0,0,5,2.76119403,6.38896427,0,86297395_0_6919201319699354263
0,1,0,0,0,6,1.910447761,1.272727273,0,86297395_0_6919201319699354263
0,1,0,0,0,0,2.076923077,0.073846154,1,86627271_6_2239821927452848323
0,1,0,0,0,0,1,0,0,86627271_6_2239821927452848323
0,1,0,0,0,0,1,0,0,86627271_6_2239821927452848323
0,1,0,0,0,0,1,0,0,86627271_6_2239821927452848323
0,1,0,0,0,0,1,0,1,86747932_0_7532457067740920052
0,1,0,0,0,0,1.918699187,0.478579725,0,86747932_0_7532457067740920052
0,1,0,0,0,1,1,0,0,86747932_0_7532457067740920052
0,1,0,0,0,2,1,0,0,86747932_0_7532457067740920052
0,1,0,0,0,0,2.074766355,0.544513185,1,88353875_0_4876234304797064286
0,1,0,0,0,0,1,0,0,88353875_0_4876234304797064286
0,1,0,0,0,0,1,0,0,88353875_0_4876234304797064286
0,1,0,0,0,3,3.303738318,0.212474222,0,88353875_0_4876234304797064286
0,1,0,0,0,0,2.01025641,0.017017914,1,88523363_0_8180214313099580515
0,1,0,0,0.148717949,1,6.38974359,24.91077157,0,88523363_0_8180214313099580515
0,1,0,0,0,2,1,0,0,88523363_0_8180214313099580515
0,1,0,0,0,3,1.013675214,0.013511298,0,88523363_0_8180214313099580515
0,1,0,0,0.06779661,0,1,0,1,88732174_0_7321365014357502211
0,1,0,0,0.06779661,0,1.881355932,0.336736004,0,88732174_0_7321365014357502211
0,1,0,0,0.096045198,0,1,0,0,88732174_0_7321365014357502211
0,1,0,0,0.06779661,2,1.09039548,0.158577298,0,88732174_0_7321365014357502211
0,1,0,0,0.06779661,0,1.06779661,0,0,88732174_0_7321365014357502211
0,1,0,0,0,0,1,0,1,89511064_0_2199624509082573904
0,1,0,0,0,1,2.081896552,0.291965219,0,89511064_0_2199624509082573904
0,1,0,0,0,2,1.413793103,0.405956113,0,89511064_0_2199624509082573904
0,1,0,0,0.00862069,3,1.237068966,0.223615465,0,89511064_0_2199624509082573904
0,1,0,0,0.004310345,0,1,0,0,89511064_0_2199624509082573904
0,1,0,0,0.004310345,0,1,0,0,89511064_0_2199624509082573904
0,1,0,0,0,0,1,0,0,89511064_0_2199624509082573904
0,1,0,0,0.025862069,0,1,0,0,89511064_0_2199624509082573904
0,1,0,0,0.004310345,0,1,0,0,89511064_0_2199624509082573904
0,1,0,0,0.965517241,0,1,0,0,89511064_0_2199624509082573904
0,1,0,0,0,0,2.109048724,0,1,90196673_0_5458330029110291950
0,1,0,0,0,0,2,0,0,90196673_0_5458330029110291950
0,1,0,0,0,1,1,0.237889171,0,90196673_0_5458330029110291950
0,1,0,0,0,0,3.126126126,0.563636364,1,90325533_0_6668263142989366843
0,1,0,0,0.036036036,1,3.144144144,1.432596233,0,90325533_0_6668263142989366843
0,1,0,0,0,2,1.207207207,0.185421785,0,90325533_0_6668263142989366843
0,1,0,0,0.048888889,0,1,0,0,90593344_0_8311455501234425088
0,1,0,0,0.017777778,0,1.857777778,0.381230159,1,90593344_0_8311455501234425088
0,1,0,0,0.026666667,0,1.004444444,0,1,90593344_0_8311455501234425088
0,1,0,0,0.026666667,0,1.004444444,0,0,90593344_0_8311455501234425088
0,1,0,0,0.026666667,0,2.955555556,0,0,90593344_0_8311455501234425088
0,1,0,0,0.804444444,0,1.395555556,0,0,90593344_0_8311455501234425088
0,1,0,0,0.991111111,0,1,0,0,90593344_0_8311455501234425088
0,1,0,0,0.991111111,0,1,0,0,90593344_0_8311455501234425088
0,1,0,0,0.991111111,0,1,0,0,90593344_0_8311455501234425088
0,1,0,0,0.991111111,0,1,0,0,90593344_0_8311455501234425088
0,1,0,0,0.991111111,0,1,0,0,90593344_0_8311455501234425088
0,1,0,0,0,0,1,0,1,90723763_0_874013697986950454
0,1,0,0,0,0,1.580152672,0.374280681,0,90723763_0_874013697986950454
0,1,0,0,0,1,1.839694656,0.535642983,0,90723763_0_874013697986950454
0,1,0,0,0,0,1,0,0,90723763_0_874013697986950454
0,1,0,0,0,0,1,0,0,90723763_0_874013697986950454
0,1,0,0,0,0,1,0,1,91474256_0_964747655387573523
0,1,0,0,0,1,1.049019608,0.046846325,0,91474256_0_964747655387573523
0,1,0,0,0,2,1.014705882,0.014560997,0,91474256_0_964747655387573523
0,1,0,0,0,0,1,0,0,91474256_0_964747655387573523
0,1,0,0,0.274509804,0,1,0,0,91474256_0_964747655387573523
0,1,0,0,0,5,1.946078431,0.340094659,0,91474256_0_964747655387573523
0,1,0,0,0,0,1,0,1,91959037_0_7907661684242014480
0,1,0,0,0,0,3.537688442,1.851632216,0,91959037_0_7907661684242014480
0,1,0,0,0,1,1.876884422,0.249205726,0,91959037_0_7907661684242014480
0,1,0,0,0,0,1,0,0,91959037_0_7907661684242014480
0,1,0,0,0,0,1,0,0,91959037_0_7907661684242014480
0,1,0,0,0,0,1.387978142,0.386416862,1,9206866_1_8114610355671172497
0,1,0,0,0,1,3.469945355,0.523148982,0,9206866_1_8114610355671172497
0,1,0,0,0,2,2.56284153,0.24740287,0,9206866_1_8114610355671172497
0,1,0,0,0,0,1,0,0,9206866_1_8114610355671172497
0,1,0,0,0,0,1,0,0,9206866_1_8114610355671172497
0,1,0,0,0.02283105,0,2.347031963,0.796447572,1,92896255_0_4593968708343548527
0,1,0,0,0.273972603,1,1.744292237,1.011729714,0,92896255_0_4593968708343548527
0,1,0,0,0.365296804,2,1.799086758,1.340496837,0,92896255_0_4593968708343548527
0,1,0,0,0.082191781,0,1,0,0,92896255_0_4593968708343548527
0,1,0,0,0,0,2.320987654,0.351528756,1,93078729_0_1451251196788678526
0,1,0,0,0.942386831,0,1.069958848,0,0,93078729_0_1451251196788678526
0,1,0,0,0,2,2.448559671,0.490392137,0,93078729_0_1451251196788678526
0,1,0,0,0,0,1,0,1,93702496_0_39013305210829591
0,1,0,0,0,0,1.7,0.436781609,0,93702496_0_39013305210829591
0,1,0,0,0,1,3.1,0.529885057,0,93702496_0_39013305210829591
0,1,0,0,0,2,2.3,0.234482759,0,93702496_0_39013305210829591
0,1,0,0,0,0,1,0,0,93702496_0_39013305210829591
0,1,0,0,0,0,1,0,0,93702496_0_39013305210829591
0,1,0,0,0,0,2,0,1,9475172_1_1023126399856690702
0,1,0,0,0,0,2.530726257,0.871885004,0,9475172_1_1023126399856690702
0,1,0,0,0.005586592,0,1.581005587,0,0,9475172_1_1023126399856690702
0,1,0,0,0.988826816,0,1.027932961,0,0,9475172_1_1023126399856690702
0,1,0,0,0.047619048,0,1,0,0,9567241_0_5666388268510912770
0,1,0,0,0,0,2,0.761904762,1,9567241_0_5666388268510912770
0,1,0,0,0.047619048,0,1,0,0,9567241_0_5666388268510912770
0,1,0,0,0,0,1.566666667,0.391954023,1,96203994_0_2127964719640427252
0,1,0,0,0,0,1,0,0,96203994_0_2127964719640427252
0,1,0,0,0,2,2.066666667,0.626436782,0,96203994_0_2127964719640427252
0,1,0,0,0,0,1.933333333,0,0,96203994_0_2127964719640427252
0,1,0,0,0,0,1,0,1,9686394_0_5980699488362107028
0,1,0,0,0,0,3.394160584,0.518355517,0,9686394_0_5980699488362107028
0,1,0,0,0,1,1.343065693,0.271146415,0,9686394_0_5980699488362107028
0,1,0,0,0,0,1,0,0,9686394_0_5980699488362107028
0,1,0,0,0,0,1.444444444,0.571428571,1,97941125_0_8220652154649529701
0,1,0,0,0,1,1.888888889,0.351587302,0,97941125_0_8220652154649529701
0,1,0,0,0.027777778,0,1,0,0,97941125_0_8220652154649529701
0,1,0,0,0.027777778,0,1,0,0,97941125_0_8220652154649529701
0,1,0,0,0.194444444,4,1,0.177777778,0,97941125_0_8220652154649529701
0,1,0,0,0.055555556,0,2.083333333,0,0,97941125_0_8220652154649529701
0,1,0,0,0.027777778,0,1.861111111,0.523015873,1,98312357_0_6395417306876145729
0,1,0,0,0.055555556,0,1.111111111,0,1,98312357_0_6395417306876145729
0,1,0,0,0.972222222,0,1.083333333,0,0,98312357_0_6395417306876145729
0,1,0,0,0.611111111,3,2.194444444,2.675396825,0,98312357_0_6395417306876145729
0,1,0,0,0.805555556,0,1.222222222,0,0,98312357_0_6395417306876145729
0,1,0,0,0,0,1,0,1,9834884_0_3871985887467090123
0,1,0,0,0,0,3.51193634,1.90242113,0,9834884_0_3871985887467090123
0,1,0,0,0,1,1.100795756,0.090877025,0,9834884_0_3871985887467090123
0,1,0,0,0,0,1,0,0,9834884_0_3871985887467090123
0,1,0,0,0,0,3.448979592,0,1,98458255_0_5873264818593370400
0,1,0,0,0,0,1.224489796,0.100673259,0,98458255_0_5873264818593370400
0,1,0,0,0,1,2.316326531,0.218493583,0,98458255_0_5873264818593370400
0,1,0,0,0,0,1.224489796,0,0,98458255_0_5873264818593370400
0,1,0,0,0,3,1.387755102,0.213444141,0,98458255_0_5873264818593370400
0,1,0,0,0,4,3.142857143,1.747948664,0,98458255_0_5873264818593370400
0,1,0,0,0,0,2.436548223,1.156842432,1,98929678_0_3700213490979945526
0,1,0,0,0.16751269,1,2.314720812,2.479591837,0,98929678_0_3700213490979945526
0,1,0,0,0,2,1.492385787,0.444835802,0,98929678_0_3700213490979945526
0,1,0,0,0,0,2.101522843,0,0,98929678_0_3700213490979945526
